Brand,Name,Size,Price,URL,Timestamp,Note
1st Player,Black Sir B5-M,Micro-ATX,RM 135.00,https://brightstarcomp.com/collections/pc-components/products/1st-player-black-sir-b5-m-micro-atx-pc-chasis?_pos=1&_fid=559632eaf&_ss=c,2025-03-18 22:12:10.939353,
1st Player,BS-2,Micro-ATX,From RM 150.00 to RM 165.00,https://brightstarcomp.com/collections/pc-components/products/1st-player-bs-2-micro-atx-pc-chassis?_pos=2&_fid=559632eaf&_ss=c,2025-03-18 22:12:10.939353,
1st Player,D7,Micro-ATX,From RM 179.00 to RM 189.00,https://brightstarcomp.com/collections/pc-components/products/1st-player-d7-micro-atx-chassis?_pos=3&_fid=559632eaf&_ss=c,2025-03-18 22:12:10.939353,
1st Player,Mi5,Micro-ATX,From RM 169.00 to RM 179.00,https://brightstarcomp.com/collections/pc-components/products/1st-player-mi5-micro-atx-chassis?_pos=4&_fid=559632eaf&_ss=c,2025-03-18 22:12:10.940351,
1st Player,Mi7-A BLACK / WHITE Double Sided Tempered Glass Megaview Tower  PC Gaming Casing MI7A,ATX,RM 199.00,https://brightstarcomp.com/collections/pc-components/products/1st-player-mi7-a-black-white-double-sided-tempered-glass-megaview-tower-atx-pc-gaming-casing-mi7a?_pos=5&_fid=559632eaf&_ss=c,2025-03-18 22:12:10.940351,
1st Player,Mi8,Micro-ATX,From RM 354.00 to RM 369.00,https://brightstarcomp.com/collections/pc-components/products/1st-player-mi8-micro-atx-chassis?_pos=6&_fid=559632eaf&_ss=c,2025-03-18 22:12:10.940351,
1st Player,MV5-TP,Micro-ATX,From RM 199.00 to RM 209.00,https://brightstarcomp.com/collections/pc-components/products/1st-player-mv5-tp-micro-atx-chassis?_pos=7&_fid=559632eaf&_ss=c,2025-03-18 22:12:10.940351,
1st Player,MV8-TP Tempered Glass,Micro-ATX,From RM 329.00 to RM 349.00,https://brightstarcomp.com/collections/pc-components/products/1st-player-mv8tp-tempered-glass-micro-atx-chassis?_pos=8&_fid=559632eaf&_ss=c,2025-03-18 22:12:10.940351,
1st Player,SP7 Tempered Glass,Micro-ATX,From RM 379.00 to RM 399.00,https://brightstarcomp.com/collections/pc-components/products/1st-player-sp7-tempered-glass-micro-atx-chassis?_pos=9&_fid=559632eaf&_ss=c,2025-03-18 22:12:10.940351,
1st Player,T3 Tempered Glass,Micro-ATX,From RM 185.00 to RM 195.00,https://brightstarcomp.com/collections/pc-components/products/1st-player-t3-tempered-glass-micro-atx-chassis?_pos=10&_fid=559632eaf&_ss=c,2025-03-18 22:12:10.940351,
1st Player,T4 Tempered Glass,Micro-ATX,From RM 185.00 to RM 195.00,https://brightstarcomp.com/collections/pc-components/products/1st-player-t4-tempered-glass-micro-atx-chassis?_pos=11&_fid=559632eaf&_ss=c,2025-03-18 22:12:10.940351,
1st Player,T5 Tempered Glass,Micro-ATX,From RM 183.00 to RM 193.00,https://brightstarcomp.com/collections/pc-components/products/1st-player-t5-tempered-glass-micro-atx-chassis?_pos=12&_fid=559632eaf&_ss=c,2025-03-18 22:12:10.940351,
1st Player,T7-P Tempered Glass,ATX,From RM 199.00 to RM 209.00,https://brightstarcomp.com/collections/pc-components/products/1st-player-t7-p-tempered-glass-mid-tower-atx-chassis?_pos=13&_fid=559632eaf&_ss=c,2025-03-18 22:12:10.940351,Mid-Tower
1st Player,UV5,Micro-ATX,From RM 239.00 to RM 249.00,https://brightstarcomp.com/collections/pc-components/products/1st-player-uv5-micro-atx-chassis?_pos=14&_fid=559632eaf&_ss=c,2025-03-18 22:12:10.940351,
1st Player,UV6,Micro-ATX,From RM 249.00 to RM 259.00,https://brightstarcomp.com/collections/pc-components/products/1st-player-uv6-micro-atx-chassis?_pos=15&_fid=559632eaf&_ss=c,2025-03-18 22:12:10.940351,
1st Player,X4-M,Micro-ATX,RM 175.00,https://brightstarcomp.com/collections/pc-components/products/1st-player-x4-m-micro-atx-chassis?_pos=16&_fid=559632eaf&_ss=c,2025-03-18 22:12:10.941351,
,1stPlayer UN1,Mini-ITX,RM 139.00,https://brightstarcomp.com/collections/pc-components/products/1stplayer-un1-mini-itx-pc-case?_pos=17&_fid=559632eaf&_ss=c,2025-03-18 22:12:10.941351,
Aerocool,CS-111 V2,Micro-ATX,From RM 119.00 to RM 169.00,https://brightstarcomp.com/collections/pc-components/products/aerocool-cs-111-v2-micro-atx-pc-chassis?_pos=18&_fid=559632eaf&_ss=c,2025-03-18 22:12:10.941351,
Aerocool,Interstellar,ATX,RM 389.00,https://brightstarcomp.com/collections/pc-components/products/aerocool-interstellar-mid-tower-atx-pc-case?_pos=19&_fid=559632eaf&_ss=c,2025-03-18 22:12:10.941351,Mid Tower
Aerocool,Pivot V2,ATX,From RM 119.00 to RM 149.00,https://brightstarcomp.com/collections/pc-components/products/aerocool-pivot-v2-mid-tower-atx-pc-chassis?_pos=20&_fid=559632eaf&_ss=c,2025-03-18 22:12:10.941351,Mid-Tower
Aerocool,Viewport Mini V2,Micro-ATX,From RM 169.00 to RM 179.00,https://brightstarcomp.com/collections/pc-components/products/aerocool-viewport-mini-v2-micro-atx-pc-chassis?_pos=21&_fid=559632eaf&_ss=c,2025-03-18 22:12:10.941351,
Aigo,Darkflash C218M Tempered Glass,Micro-ATX,From RM 179.00 to RM 189.00,https://brightstarcomp.com/collections/pc-components/products/aigo-darkflash-c218m-tempered-glass-micro-atx-pc-chassis?_pos=22&_fid=559632eaf&_ss=c,2025-03-18 22:12:10.941351,
Antec,P120 Cyrstal,ATX,RM 399.00,https://brightstarcomp.com/collections/pc-components/products/antec-p120-cyrstal-atx-chassis?_pos=23&_fid=559632eaf&_ss=c,2025-03-18 22:12:10.941351,
Antec,Striker   - Black,Mini-ITX,RM 999.00,https://brightstarcomp.com/collections/pc-components/products/antec-striker-mini-itx-pc-chassis-black?_pos=24&_fid=559632eaf&_ss=c,2025-03-18 22:12:10.941351,
,ASUS A21 Tempered Glass Side Panel,Micro-ATX,RM 299.00,https://brightstarcomp.com/collections/pc-components/products/asus-a21-tempered-glass-side-panel-micro-atx-pc-chassis?_pos=25&_fid=559632eaf&_ss=c,2025-03-18 22:12:11.973135,
,ASUS GX601 ROG Strix Helios   Black/White Edition,EATX,"From RM 1,439.00 to RM 1,555.00",https://brightstarcomp.com/collections/pc-components/products/asus-gx601-rog-strix-helios-full-tower-eatx-black-white-edition-pc-chassis?_pos=26&_fid=559632eaf&_ss=c,2025-03-18 22:12:11.973135,Full-Tower
,ASUS Prime AP201 Tempered Glass,Micro-ATX,From RM 375.00 to RM 388.00,https://brightstarcomp.com/collections/pc-components/products/asus-prime-ap201-tempered-glass-micro-atx-pc-chassis?_pos=27&_fid=559632eaf&_ss=c,2025-03-18 22:12:11.973135,
,ASUS Proart PA602 Tempered Glass  PC Chasis - Black,ATX,"RM 1,290.00",https://brightstarcomp.com/collections/pc-components/products/asus-proart-pa602-tempered-glass-atx-pc-chasis-black?_pos=28&_fid=559632eaf&_ss=c,2025-03-18 22:12:11.973135,
,ASUS Proart PA602 Tempered Glass   - Wood,EATX,"RM 1,289.00",https://brightstarcomp.com/collections/pc-components/products/asus-proart-pa602-tempered-glass-eatx-pc-chasis-wood?_pos=29&_fid=559632eaf&_ss=c,2025-03-18 22:12:11.973135,
,ASUS ROG Hyperion GR701 Tempered Glass,EATX,"From RM 1,999.00 to RM 2,050.00",https://brightstarcomp.com/collections/pc-components/products/asus-rog-hyperion-gr701-tempered-glass-full-tower-eatx-pc-chassis-1?_pos=30&_fid=559632eaf&_ss=c,2025-03-18 22:12:11.973135,Full-Tower
,ASUS TUF Gaming GT301,ATX,RM 445.00,https://brightstarcomp.com/collections/pc-components/products/asus-tuf-gaming-gt301-mid-tower-atx-pc-chassis?_pos=31&_fid=559632eaf&_ss=c,2025-03-18 22:12:11.973135,Mid-Tower
,ASUS TUF Gaming GT302 ARGB Tempered Glass,ATX,From RM 569.00 to RM 599.00,https://brightstarcomp.com/collections/pc-components/products/asus-tuf-gaming-gt302-argb-tempered-glass-mid-tower-atx-pc-chassis?_pos=32&_fid=559632eaf&_ss=c,2025-03-18 22:12:11.973135,Mid-Tower
,ASUS TUF Gaming GT502,ATX,From RM 766.00 to RM 785.00,https://brightstarcomp.com/collections/pc-components/products/asus-tuf-gaming-gt502-mid-tower-atx-pc-chassis?_pos=33&_fid=559632eaf&_ss=c,2025-03-18 22:12:11.973135,Mid-Tower
BeQuiet,Pure Base 500 Window,ATX,RM 359.00,https://brightstarcomp.com/collections/pc-components/products/bequiet-pure-base-500-window-atx-chassis?_pos=34&_fid=559632eaf&_ss=c,2025-03-18 22:12:11.973135,
Cooler Master,HAF500 White   [H500-WGNN-S00],ATX,RM 399.00,https://brightstarcomp.com/collections/pc-components/products/cooler-master-haf500-white-atx-chassis-h500-wgnn-s00?_pos=35&_fid=559632eaf&_ss=c,2025-03-18 22:12:11.973135,
Corsair,2000D Airflow Mini,ITX,From RM 499.00 to RM 589.00,https://brightstarcomp.com/collections/pc-components/products/corsair-2000d-airflow-mini-itx-pc-chassis?_pos=36&_fid=559632eaf&_ss=c,2025-03-18 22:12:11.973135,
Corsair,2500X Tempered Glass,Micro-ATX,RM 639.00,https://brightstarcomp.com/collections/pc-components/products/corsair-2500x-tempered-glass-micro-atx-pc-chasis?_pos=37&_fid=559632eaf&_ss=c,2025-03-18 22:12:11.973135,
Corsair,3000D Airflow Tempered Glass,ATX,RM 279.00,https://brightstarcomp.com/collections/pc-components/products/corsair-3000d-airflow-tempered-glass-mid-tower-atx-pc-chassis?_pos=38&_fid=559632eaf&_ss=c,2025-03-18 22:12:11.973135,Mid-Tower
Corsair,3000D RGB Airflow Tempered Glass,ATX,RM 349.00,https://brightstarcomp.com/collections/pc-components/products/corsair-3000d-rgb-airflow-tempered-glass-mid-tower-atx-pc-chassis?_pos=39&_fid=559632eaf&_ss=c,2025-03-18 22:12:11.973135,Mid-Tower
Corsair,3500X ARGB Tempered Glass,ATX,RM 439.00,https://brightstarcomp.com/collections/pc-components/products/corsair-3500x-argb-tempered-glass-mid-tower-atx-pc-chassis?_pos=40&_fid=559632eaf&_ss=c,2025-03-18 22:12:11.973135,Mid-Tower
Corsair,3500X Tempered Glass,ATX,RM 339.00,https://brightstarcomp.com/collections/pc-components/products/corsair-3500x-tempered-glass-mid-tower-atx-pc-chassis?_pos=41&_fid=559632eaf&_ss=c,2025-03-18 22:12:11.973135,Mid-Tower
Corsair,4000D Airflow Tempered Glass,ATX,RM 369.00,https://brightstarcomp.com/collections/pc-components/products/corsair-4000d-airflow-tempered-glass-mid-tower-atx-pc-chassis?_pos=42&_fid=559632eaf&_ss=c,2025-03-18 22:12:11.974134,Mid-Tower
Corsair,5000D Airflow Tempered Glass,ATX,RM 629.00,https://brightstarcomp.com/collections/pc-components/products/corsair-5000d-airflow-tempered-glass-mid-tower-atx-pc-chassis?_pos=43&_fid=559632eaf&_ss=c,2025-03-18 22:12:11.974134,Mid-Tower
Corsair,5000D Tempered Glass  White   [CC-9011209-WW],ATX,RM 449.00,https://brightstarcomp.com/collections/pc-components/products/corsair-5000d-tempered-glass-mid-tower-white-atx-chassis-cc-9011209-ww?_pos=44&_fid=559632eaf&_ss=c,2025-03-18 22:12:11.974134,Mid-Tower
Corsair,7000D Airflow Tempered Glass,ATX,RM 599.00,https://brightstarcomp.com/collections/pc-components/products/corsair-7000d-airflow-tempered-glass-full-tower-atx-pc-chassis?_pos=45&_fid=559632eaf&_ss=c,2025-03-18 22:12:11.974134,Full-Tower
Corsair,iCUE 3500X ARGB Tempered Glass,ATX,RM 609.00,https://brightstarcomp.com/collections/pc-components/products/corsair-icue-3500x-argb-tempered-glass-mid-tower-atx-pc-chassis?_pos=46&_fid=559632eaf&_ss=c,2025-03-18 22:12:11.974134,Mid-Tower
Corsair,iCUE 5000X RGB Tempered Glass    [CC-9011213-WW],ATX,RM 609.00,https://brightstarcomp.com/collections/pc-components/products/corsair-icue-5000x-rgb-tempered-glass-mid-tower-atx-chassis-cc-9011213-ww?_pos=47&_fid=559632eaf&_ss=c,2025-03-18 22:12:11.974134,Mid-Tower
Corsair,iCUE 7000X RGB Tempered Glass,ATX,"RM 1,257.00",https://brightstarcomp.com/collections/pc-components/products/corsair-icue-7000x-rgb-tempered-glass-atx-pc-chassis?_pos=48&_fid=559632eaf&_ss=c,2025-03-18 22:12:11.974134,
Corsair,iCUE Link 9000D Airflow,,"RM 2,249.00",https://brightstarcomp.com/collections/pc-components/products/corsair-icue-link-9000d-airflow-super-tower-pc-chassis-case?_pos=49&_fid=559632eaf&_ss=c,2025-03-18 22:12:12.819042,Super-Tower
Deepcool,CG530,ATX,From RM 279.00 to RM 289.00,https://brightstarcomp.com/collections/pc-components/products/deepcool-cg530-mid-tower-atx-pc-chassis?_pos=50&_fid=559632eaf&_ss=c,2025-03-18 22:12:12.819042,Mid-Tower
Deepcool,CG580,ATX,From RM 269.00 to RM 279.00,https://brightstarcomp.com/collections/pc-components/products/deepcool-cg580-mid-tower-atx-pc-chassis?_pos=51&_fid=559632eaf&_ss=c,2025-03-18 22:12:12.819042,Mid-Tower
DeepCool,CH160,Mini-ITX,From RM 229.00 to RM 239.00,https://brightstarcomp.com/collections/pc-components/products/deepcool-ch160-mini-itx-pc-case?_pos=52&_fid=559632eaf&_ss=c,2025-03-18 22:12:12.819042,
DeepCool,CH170 Digital Vertical,Mini-ITX,From RM 279.00 to RM 289.00,https://brightstarcomp.com/collections/pc-components/products/deepcool-ch170-digital-vertical-mini-itx-pc-case-black-white?_pos=53&_fid=559632eaf&_ss=c,2025-03-18 22:12:12.819042,
Deepcool,CH370,Micro-ATX,From RM 239.00 to RM 249.00,https://brightstarcomp.com/collections/pc-components/products/deepcool-ch370-micro-atx-pc-chassis?_pos=54&_fid=559632eaf&_ss=c,2025-03-18 22:12:12.819042,
DeepCool,CH510,,RM 239.00,https://brightstarcomp.com/collections/pc-components/products/deepcool-ch510-mid-tower-pc-chassis?_pos=55&_fid=559632eaf&_ss=c,2025-03-18 22:12:12.819042,Mid-Tower
Deepcool,Macube 110,Micro-ATX,From RM 189.00 to RM 199.00,https://brightstarcomp.com/collections/pc-components/products/deepcool-macube-110-micro-atx-pc-chassis?_pos=56&_fid=559632eaf&_ss=c,2025-03-18 22:12:12.819042,
E-SUPERCASE,Elegant+ 1910BR,,RM 129.00,https://brightstarcomp.com/collections/pc-components/products/e-supercase-elegant-1910br-mid-tower-pc-chassis?_pos=57&_fid=559632eaf&_ss=c,2025-03-18 22:12:12.819042,Mid-Tower
E-SUPERCASE,Inspire M1610BS,ATX,RM 149.00,https://brightstarcomp.com/collections/pc-components/products/e-supercase-inspire-m1610bs-mid-tower-atx-pc-chassis?_pos=58&_fid=559632eaf&_ss=c,2025-03-18 22:12:12.819042,Mid-Tower
E-SUPERCASE,Value 3105 with 230W PSU,ATX,RM 129.00,https://brightstarcomp.com/collections/pc-components/products/e-supercase-value-3105-with-230w-psu-mid-tower-atx-pc-chasis?_pos=59&_fid=559632eaf&_ss=c,2025-03-18 22:12:12.819042,Mid-Tower
Fractal Design,Focus 2 RGB TG Clear Tint,ATX,RM 379.00,https://brightstarcomp.com/collections/pc-components/products/fractal-design-focus-2-rgb-tg-clear-tint-mid-tower-atx-pc-chassis?_pos=60&_fid=559632eaf&_ss=c,2025-03-18 22:12:12.819042,Mid-Tower
Fractal Design,Mood Mini,ITX,RM 809.00,https://brightstarcomp.com/collections/pc-components/products/fractal-design-mood-mini-itx-pc-chassis?_pos=61&_fid=559632eaf&_ss=c,2025-03-18 22:12:12.819042,
Fractal Design,North Mesh,ATX,RM 659.00,https://brightstarcomp.com/collections/pc-components/products/fractal-design-north-mesh-mid-tower-atx-pc-chassis?_pos=62&_fid=559632eaf&_ss=c,2025-03-18 22:12:12.819042,Mid-Tower
Fractal Design,North Tempered Glass Clear Tint,ATX,RM 659.00,https://brightstarcomp.com/collections/pc-components/products/fractal-design-north-tempered-glass-clear-tint-mid-tower-atx-pc-chassis?_pos=63&_fid=559632eaf&_ss=c,2025-03-18 22:12:12.819042,Mid-Tower
Fractal Design,North XL Mesh,ATX,RM 899.00,https://brightstarcomp.com/collections/pc-components/products/fractal-design-north-xl-mesh-mid-tower-atx-pc-chassis?_pos=64&_fid=559632eaf&_ss=c,2025-03-18 22:12:12.820043,Mid-Tower
Fractal Design,North XL Tempered Glass Dark/ Clear,ATX,RM 899.00,https://brightstarcomp.com/collections/pc-components/products/fractal-design-north-xl-tempered-glass-dark-clear-mid-tower-atx-pc-chassis?_pos=65&_fid=559632eaf&_ss=c,2025-03-18 22:12:12.820043,Mid-Tower
Fractal Design,Pop Air RGB White Tempered Glass Clear Tint,ATX,RM 419.00,https://brightstarcomp.com/collections/pc-components/products/fractal-design-pop-air-rgb-white-tempered-glass-clear-tint-mid-tower-atx-pc-chassis?_pos=66&_fid=559632eaf&_ss=c,2025-03-18 22:12:12.820043,Mid-Tower
Fractal Design,Pop Mini Air RGB TG Clear Tint,Micro-ATX,RM 429.00,https://brightstarcomp.com/collections/pc-components/products/fractal-design-pop-mini-air-rgb-tg-clear-tint-micro-atx-pc-chassis?_pos=67&_fid=559632eaf&_ss=c,2025-03-18 22:12:12.820043,
Fractal Design,Terra,ITX,RM 959.00,https://brightstarcomp.com/collections/pc-components/products/fractal-design-terra-itx-chassis?_pos=68&_fid=559632eaf&_ss=c,2025-03-18 22:12:12.820043,
GIGABYTE,Aorus C400 Glass   - Black,,RM 699.00,https://brightstarcomp.com/collections/pc-components/products/gigabyte-aorus-c400-glass-mid-tower-pc-chassis-black?_pos=69&_fid=559632eaf&_ss=c,2025-03-18 22:12:12.820043,Mid-Tower
GIGABYTE,AORUS C500 Glass   - Black,,"RM 1,049.00",https://brightstarcomp.com/collections/pc-components/products/gigabyte-aorus-c500-glass-mid-tower-pc-chassis-black?_pos=70&_fid=559632eaf&_ss=c,2025-03-18 22:12:12.820043,Mid-Tower
Gigabyte,C102 Glass,Micro-ATX,From RM 209.00 to RM 239.00,https://brightstarcomp.com/collections/pc-components/products/gigabyte-c102-glass-micro-atx-pc-chassis?_pos=71&_fid=559632eaf&_ss=c,2025-03-18 22:12:12.820043,
Gigabyte,C301 Glass,ATX,From RM 359.00 to RM 369.00,https://brightstarcomp.com/collections/pc-components/products/gigabyte-c301-glass-mid-tower-atx-pc-chassis?_pos=72&_fid=559632eaf&_ss=c,2025-03-18 22:12:12.820043,Mid-Tower
GIGABYTE,C500 Panoramic Stealth  PC Chasis - White,,RM 459.00,https://brightstarcomp.com/collections/pc-components/products/gigabyte-c500-panoramic-stealth-mid-tower-pc-chasis-white?_pos=73&_fid=559632eaf&_ss=c,2025-03-18 22:12:13.717478,Mid-Tower
HYTE,Y40,ATX,RM 669.00,https://brightstarcomp.com/collections/pc-components/products/hyte-y40-mid-tower-atx-pc-chassis?_pos=74&_fid=559632eaf&_ss=c,2025-03-18 22:12:13.717478,Mid-Tower
HYTE,Y60 Dual Chamber,ATX,RM 889.00,https://brightstarcomp.com/collections/pc-components/products/hyte-y60-dual-chamber-mid-tower-atx-pc-chassis?_pos=75&_fid=559632eaf&_ss=c,2025-03-18 22:12:13.717478,Mid-Tower
HYTE,Y70 Dual Chamber,ATX,RM 899.00,https://brightstarcomp.com/collections/pc-components/products/hyte-y70-dual-chamber-mid-tower-atx-pc-chassis?_pos=76&_fid=559632eaf&_ss=c,2025-03-18 22:12:13.717478,Mid-Tower
HYTE,Y70 Touch Infinite Dual Chamber With Touchscreen,ATX,"RM 1,899.00",https://brightstarcomp.com/collections/pc-components/products/hyte-y70-touch-infinite-dual-chamber-with-touchscreen-mid-tower-atx-pc-chassis?_pos=77&_fid=559632eaf&_ss=c,2025-03-18 22:12:13.717478,Mid-Tower
Invasion,D-1000,Micro-ATX,From RM 229.00 to RM 239.00,https://brightstarcomp.com/collections/pc-components/products/invasion-d-1000-micro-atx-pc-chassis?_pos=78&_fid=559632eaf&_ss=c,2025-03-18 22:12:13.717478,
Invasion,D-3000,Micro-ATX,From RM 179.00 to RM 209.00,https://brightstarcomp.com/collections/pc-components/products/invasion-d-3000-micro-atx-pc-chassis?_pos=79&_fid=559632eaf&_ss=c,2025-03-18 22:12:13.717478,
Invasion,D-9000,Micro-ATX,From RM 249.00 to RM 259.00,https://brightstarcomp.com/collections/pc-components/products/invasion-d-9000-micro-atx-4x-120mm-argb-fans-micro-atx-pc-case-black-white?_pos=80&_fid=559632eaf&_ss=c,2025-03-18 22:12:13.717478,
Invasion,Genesis    - White,ATX,RM 339.00,https://brightstarcomp.com/collections/pc-components/products/invasion-genesis-mid-tower-atx-pc-chassis-white?_pos=81&_fid=559632eaf&_ss=c,2025-03-18 22:12:13.717478,Mid-Tower
Invasion,Genesis-M,Micro-ATX,RM 209.00,https://brightstarcomp.com/collections/pc-components/products/invasion-genesis-m-micro-atx-pc-chassis?_pos=82&_fid=559632eaf&_ss=c,2025-03-18 22:12:13.717478,
Invasion,GT-205,ATX,RM 169.00,https://brightstarcomp.com/collections/pc-components/products/invasion-gt-205-mid-tower-atx-pc-chassis?_pos=83&_fid=559632eaf&_ss=c,2025-03-18 22:12:13.717478,Mid-Tower
Invasion,M-2000   - Black,Micro-ATX,RM 159.00,https://brightstarcomp.com/collections/pc-components/products/invasion-m-2000-micro-atx-pc-chassis-black?_pos=84&_fid=559632eaf&_ss=c,2025-03-18 22:12:13.717478,
Invasion,M-7 Steel   - Black,Micro-ATX,RM 89.00,https://brightstarcomp.com/collections/pc-components/products/invasion-m-7-steel-micro-atx-pc-chassis-black?_pos=85&_fid=559632eaf&_ss=c,2025-03-18 22:12:13.717478,
Lian Li,A3,Micro-ATX,From RM 319.00 to RM 329.00,https://brightstarcomp.com/collections/pc-components/products/lian-li-a3-micro-atx-pc-chassis?_pos=86&_fid=559632eaf&_ss=c,2025-03-18 22:12:13.717478,
Lian Li,A4-H2O    - Silver,Mini-ITX,RM 679.00,https://brightstarcomp.com/collections/pc-components/products/lian-li-a4-h2o-pcie-4-0-mini-itx-pc-chassis-silver?_pos=87&_fid=559632eaf&_ss=c,2025-03-18 22:12:13.717478,PCIE 4.0
Lian Li,Lancool 205 Mesh,ATX,From RM 339.00 to RM 349.00,https://brightstarcomp.com/collections/pc-components/products/lian-li-lancool-205-mesh-mid-tower-atx-pc-chassis?_pos=88&_fid=559632eaf&_ss=c,2025-03-18 22:12:13.718478,Mid-Tower
Lian Li,Lancool 205M Mesh,Micro-ATX,From RM 219.00 to RM 229.00,https://brightstarcomp.com/collections/pc-components/products/lian-li-lancool-205m-mesh-micro-atx-pc-chassis?_pos=89&_fid=559632eaf&_ss=c,2025-03-18 22:12:13.718478,
Lian Li,Lancool 207 RGB,ATX,From RM 339.00 to RM 349.00,https://brightstarcomp.com/collections/pc-components/products/lian-li-lancool-207-rgb-mid-tower-atx-pc-chassis?_pos=90&_fid=559632eaf&_ss=c,2025-03-18 22:12:13.718478,Mid-Tower
Lian Li,Lancool 215X,ATX,From RM 339.00 to RM 349.00,https://brightstarcomp.com/collections/pc-components/products/lian-li-lancool-215x-mid-tower-atx-pc-chassis?_pos=91&_fid=559632eaf&_ss=c,2025-03-18 22:12:13.718478,Mid-Tower
Lian Li,Lancool 216 RGB,ATX,From RM 459.00 to RM 479.00,https://brightstarcomp.com/collections/pc-components/products/lian-li-lancool-216-rgb-mid-tower-atx-pc-chassis?_pos=92&_fid=559632eaf&_ss=c,2025-03-18 22:12:13.718478,Mid-Tower
Lian Li,Lancool III ARGB,ATX,From RM 639.00 to RM 659.00,https://brightstarcomp.com/collections/pc-components/products/lian-li-lancool-iii-argb-mid-tower-atx-pc-chassis?_pos=93&_fid=559632eaf&_ss=c,2025-03-18 22:12:13.718478,Mid-Tower
Lian Li,O11 Air Mini,ATX,From RM 489.00 to RM 529.00,https://brightstarcomp.com/collections/pc-components/products/lian-li-o11-air-mini-mid-tower-atx-pc-chassis?_pos=94&_fid=559632eaf&_ss=c,2025-03-18 22:12:13.718478,Mid-Tower
Lian Li,O11 Dynamic Evo,EATX,From RM 739.00 to RM 769.00,https://brightstarcomp.com/collections/pc-components/products/lian-li-o11-dynamic-evo-full-tower-eatx-pc-chassis?_pos=95&_fid=559632eaf&_ss=c,2025-03-18 22:12:13.718478,Full-Tower
Lian Li,O11 Dynamic EVO XL,ATX,"From RM 1,099.00 to RM 1,159.00",https://brightstarcomp.com/collections/pc-components/products/lian-li-o11-dynamic-evo-xl-mid-tower-atx-pc-chassis?_pos=96&_fid=559632eaf&_ss=c,2025-03-18 22:12:13.718478,Mid-Tower
Lian Li,O11 Dynamic    - White,ATX,RM 349.00,https://brightstarcomp.com/collections/pc-components/products/lian-li-o11-dynamic-mid-tower-atx-pc-chassis-white?_pos=97&_fid=559632eaf&_ss=c,2025-03-18 22:12:14.876687,Mid-Tower
Lian Li,O11 Dynamic Mini,EATX,From RM 449.00 to RM 529.00,https://brightstarcomp.com/collections/pc-components/products/lian-li-o11-dynamic-mini-full-tower-eatx-pc-chassis?_pos=98&_fid=559632eaf&_ss=c,2025-03-18 22:12:14.876687,Full-Tower
Lian Li,O11 Dynamic XL ROG    - White,EATX,RM 879.00,https://brightstarcomp.com/collections/pc-components/products/lian-li-o11-dynamic-xl-rog-full-tower-eatx-pc-chassis-white?_pos=99&_fid=559632eaf&_ss=c,2025-03-18 22:12:14.876687,Full-Tower
Lian Li,O11 PC-O11 Dynamic EVO RGB Automobili Lamborghini Edition    - Black,ATX,"RM 1,399.00",https://brightstarcomp.com/collections/pc-components/products/lian-li-o11-pc-o11-dynamic-evo-rgb-automobili-lamborghini-edition-mid-tower-atx-pc-chassis-black?_pos=100&_fid=559632eaf&_ss=c,2025-03-18 22:12:14.876687,Mid-Tower
Lian Li,O11 PC-O11 Dynamic EVO RGB,ATX,From RM 719.00 to RM 749.00,https://brightstarcomp.com/collections/pc-components/products/lian-li-o11-pc-o11-dynamic-evo-rgb-mid-tower-atx-pc-chassis?_pos=101&_fid=559632eaf&_ss=c,2025-03-18 22:12:14.876687,Mid-Tower
Lian Li,O11 PC-O11 Vision Compact,ATX,From RM 489.00 to RM 499.00,https://brightstarcomp.com/collections/pc-components/products/lian-li-o11-pc-o11-vision-compact-mid-tower-atx-pc-chassis?_pos=102&_fid=559632eaf&_ss=c,2025-03-18 22:12:14.876687,Mid-Tower
Lian Li,O11 PC-O11 Vision,ATX,From RM 629.00 to RM 699.00,https://brightstarcomp.com/collections/pc-components/products/lian-li-o11-pc-o11-vision-mid-tower-atx-pc-chassis?_pos=103&_fid=559632eaf&_ss=c,2025-03-18 22:12:14.877689,Mid-Tower
Lian Li,Q58,Mini-ITX,From RM 549.00 to RM 599.00,https://brightstarcomp.com/collections/pc-components/products/lian-li-q58-mini-itx-pc-chassis?_pos=104&_fid=559632eaf&_ss=c,2025-03-18 22:12:14.877689,
Lian Li,SUP01,ATX,From RM 659.00 to RM 669.00,https://brightstarcomp.com/collections/pc-components/products/lian-li-sup01-mid-tower-atx-pc-chassis?_pos=105&_fid=559632eaf&_ss=c,2025-03-18 22:12:14.877689,Mid-Tower
MAGNIUMGEAR,NEO Qube 2 Infinity Mirror DRGB TG,ATX,RM 625.00,https://brightstarcomp.com/collections/pc-components/products/magniumgear-neo-qube-2-infinity-mirror-drgb-tg-mid-tower-atx-pc-chassis?_pos=106&_fid=559632eaf&_ss=c,2025-03-18 22:12:14.877689,Mid-Tower
MONTECH,King 95    - Red,ATX,RM 509.00,https://brightstarcomp.com/collections/pc-components/products/montech-king-95-mid-tower-atx-pc-chassis-red?_pos=107&_fid=559632eaf&_ss=c,2025-03-18 22:12:14.877689,Mid-Tower
MSI,MAG Forge 320R Airflow,,RM 309.00,https://brightstarcomp.com/collections/pc-components/products/msi-mag-forge-320r-airflow-mid-tower-pc-chassis?_pos=108&_fid=559632eaf&_ss=c,2025-03-18 22:12:14.877689,Mid-Tower
MSI,MAG Forge M100R,Micro-ATX,RM 259.00,https://brightstarcomp.com/collections/pc-components/products/msi-mag-forge-m100r-micro-atx-pc-chassis?_pos=109&_fid=559632eaf&_ss=c,2025-03-18 22:12:14.877689,
MSI,MAG PANO M100R PZ White,Micro-ATX,RM 469.00,https://brightstarcomp.com/collections/pc-components/products/msi-mag-pano-m100r-pz-white-micro-atx-pc-chassis?_pos=110&_fid=559632eaf&_ss=c,2025-03-18 22:12:14.877689,
MSI,MAG Shield 110A,,RM 199.00,https://brightstarcomp.com/collections/pc-components/products/msi-mag-shield-110a-mid-tower-pc-chassis?_pos=111&_fid=559632eaf&_ss=c,2025-03-18 22:12:14.877689,Mid-Tower
MSI,MPG Gungnir 110R White,ATX,RM 329.00,https://brightstarcomp.com/collections/pc-components/products/msi-mpg-gungnir-110r-white-mid-tower-atx-pc-chassis?_pos=112&_fid=559632eaf&_ss=c,2025-03-18 22:12:14.877689,Mid-Tower
MSI,MPG Gungnir 300R Airflow    - White,ATX,RM 819.00,https://brightstarcomp.com/collections/pc-components/products/msi-mpg-gungnir-300r-airflow-mid-tower-atx-pc-chassis-white?_pos=113&_fid=559632eaf&_ss=c,2025-03-18 22:12:14.877689,Mid-Tower
MSI,MPG Quietude 100S,ATX,RM 439.00,https://brightstarcomp.com/collections/pc-components/products/msi-mpg-quietude-100s-mid-tower-atx-pc-chassis?_pos=114&_fid=559632eaf&_ss=c,2025-03-18 22:12:14.877689,Mid-Tower
NZXT,H5 Elite,Micro-ATX,RM 599.00,https://brightstarcomp.com/collections/pc-components/products/nzxt-h5-elite-micro-atx-pc-chassis?_pos=115&_fid=559632eaf&_ss=c,2025-03-18 22:12:14.877689,
NZXT,H5 Flow 2024,Micro-ATX,RM 399.00,https://brightstarcomp.com/collections/pc-components/products/nzxt-h5-flow-2024-micro-atx-pc-chassis?_pos=116&_fid=559632eaf&_ss=c,2025-03-18 22:12:14.877689,
NZXT,H5 Flow,Micro-ATX,From RM 349.00 to RM 359.00,https://brightstarcomp.com/collections/pc-components/products/nzxt-h5-flow-micro-atx-pc-chassis?_pos=117&_fid=559632eaf&_ss=c,2025-03-18 22:12:14.877689,
NZXT,H5 Flow RGB 2024,Micro-ATX,RM 539.00,https://brightstarcomp.com/collections/pc-components/products/nzxt-h5-flow-rgb-2024-micro-atx-pc-chassis?_pos=118&_fid=559632eaf&_ss=c,2025-03-18 22:12:14.877689,
NZXT,H5 Flow RGB,Micro-ATX,RM 499.00,https://brightstarcomp.com/collections/pc-components/products/nzxt-h5-flow-rgb-micro-atx-pc-chassis?_pos=119&_fid=559632eaf&_ss=c,2025-03-18 22:12:14.877689,
NZXT,H5 Flow Starfield    - White,ATX,RM 655.00,https://brightstarcomp.com/collections/pc-components/products/nzxt-h5-flow-starfield-mid-tower-atx-pc-chassis-white?_pos=120&_fid=559632eaf&_ss=c,2025-03-18 22:12:14.877689,Mid-Tower
NZXT,H6 Flow Compact Dual Chamber,ATX,RM 479.00,https://brightstarcomp.com/collections/pc-components/products/nzxt-h6-flow-compact-dual-chamber-mid-tower-atx-pc-chassis?_pos=121&_fid=559632eaf&_ss=c,2025-03-18 22:12:15.974341,Mid-Tower
NZXT,H6 Flow RGB Compact Dual Chamber,ATX,RM 589.00,https://brightstarcomp.com/collections/pc-components/products/nzxt-h6-flow-rgb-compact-dual-chamber-mid-tower-atx-pc-chassis?_pos=122&_fid=559632eaf&_ss=c,2025-03-18 22:12:15.974341,Mid-Tower
NZXT,H7 Elite Premium,ATX,RM 749.00,https://brightstarcomp.com/collections/pc-components/products/nzxt-h7-elite-premium-atx-mid-tower-case-matte-black-matte-white?_pos=123&_fid=559632eaf&_ss=c,2025-03-18 22:12:15.974341,Mid-Tower
NZXT,H7 Flow 2024,EATX,RM 549.00,https://brightstarcomp.com/collections/pc-components/products/nzxt-h7-flow-2024-full-tower-eatx-pc-chassis?_pos=124&_fid=559632eaf&_ss=c,2025-03-18 22:12:15.974341,Full-Tower
NZXT,H7 Flow 2024 RGB,EATX,RM 639.00,https://brightstarcomp.com/collections/pc-components/products/nzxt-h7-flow-2024-rgb-full-tower-eatx-pc-chassis?_pos=125&_fid=559632eaf&_ss=c,2025-03-18 22:12:15.974341,Full-Tower
NZXT,H7 Flow,EATX,RM 485.00,https://brightstarcomp.com/collections/pc-components/products/nzxt-h7-flow-full-tower-eatx-pc-chassis?_pos=126&_fid=559632eaf&_ss=c,2025-03-18 22:12:15.974341,Full-Tower
NZXT,H7 Flow RGB,ATX,RM 565.00,https://brightstarcomp.com/collections/pc-components/products/nzxt-h7-flow-rgb-mid-tower-atx-pc-chassis?_pos=127&_fid=559632eaf&_ss=c,2025-03-18 22:12:15.974341,Mid-Tower
NZXT,H7,EATX,From RM 449.00 to RM 575.00,https://brightstarcomp.com/collections/pc-components/products/nzxt-h7-full-tower-eatx-pc-chassis?_pos=128&_fid=559632eaf&_ss=c,2025-03-18 22:12:15.974341,Full-Tower
NZXT,H9 Elite    - Matte Black,ATX,RM 999.00,https://brightstarcomp.com/collections/pc-components/products/nzxt-h9-elite-mid-tower-atx-pc-chassis-matte-black?_pos=129&_fid=559632eaf&_ss=c,2025-03-18 22:12:15.974341,Mid-Tower
Phanteks,Eclipse P360A    - White,ATX,RM 199.00,https://brightstarcomp.com/collections/pc-components/products/phanteks-eclipse-p360a-mid-tower-atx-pc-chassis-white?_pos=130&_fid=559632eaf&_ss=c,2025-03-18 22:12:15.974341,Mid-Tower
Phanteks,Eclipse P600S Silent DRGB    - Matte White,EATX,RM 725.00,https://brightstarcomp.com/collections/pc-components/products/phanteks-eclipse-p600s-silent-drgb-full-tower-eatx-pc-chassis-matte-white?_pos=131&_fid=559632eaf&_ss=c,2025-03-18 22:12:15.974341,Full-Tower
Phanteks,NV7 TG DRGB    - Satin Black,ATX,RM 899.00,https://brightstarcomp.com/collections/pc-components/products/phanteks-nv7-tg-drgb-mid-tower-atx-pc-chassis-satin-black?_pos=132&_fid=559632eaf&_ss=c,2025-03-18 22:12:15.974341,Mid-Tower
Phanteks,XT View TG DRGB,ATX,RM 299.00,https://brightstarcomp.com/collections/pc-components/products/phanteks-xt-view-tg-drgb-mid-tower-atx-pc-chassis?_pos=133&_fid=559632eaf&_ss=c,2025-03-18 22:12:15.974341,Mid-Tower
Segotep,Alpha,Micro-ATX,RM 199.00,https://brightstarcomp.com/collections/pc-components/products/segotep-alpha-micro-atx-pc-chassis?_pos=134&_fid=559632eaf&_ss=c,2025-03-18 22:12:15.974341,
Segotep,Endura 240s   - White,Micro-ATX,RM 199.00,https://brightstarcomp.com/collections/pc-components/products/segotep-endura-240s-micro-atx-pc-chassis-white?_pos=135&_fid=559632eaf&_ss=c,2025-03-18 22:12:15.974341,
Segotep,Gank 240-S,Micro-ATX,From RM 179.00 to RM 189.00,https://brightstarcomp.com/collections/pc-components/products/segotep-gank-240-s-micro-atx-pc-chassis?_pos=136&_fid=559632eaf&_ss=c,2025-03-18 22:12:15.975341,
Segotep,Gremlin 1   - Black,Micro-ATX,RM 179.00,https://brightstarcomp.com/collections/pc-components/products/segotep-gremlin-1-micro-atx-pc-chassis-black?_pos=137&_fid=559632eaf&_ss=c,2025-03-18 22:12:15.975341,
Segotep,Lumi II ARGB,Micro-ATX,From RM 189.00 to RM 199.00,https://brightstarcomp.com/collections/pc-components/products/segotep-lumi-ii-argb-micro-atx-pc-chassis?_pos=138&_fid=559632eaf&_ss=c,2025-03-18 22:12:15.975341,
Segotep,Memphis-S Meow Edition   - White,Micro-ATX,RM 179.00,https://brightstarcomp.com/collections/pc-components/products/segotep-memphis-s-meow-edition-micro-atx-pc-chassis-white?_pos=139&_fid=559632eaf&_ss=c,2025-03-18 22:12:15.975341,
Segotep,Memphis-S,Micro-ATX,From RM 159.00 to RM 179.00,https://brightstarcomp.com/collections/pc-components/products/segotep-memphis-s-micro-atx-pc-chassis?_pos=140&_fid=559632eaf&_ss=c,2025-03-18 22:12:15.975341,
Slevcase,A-Touch SE380   - Black,Micro-ATX,RM 129.00,https://brightstarcomp.com/collections/pc-components/products/slevcase-a-touch-se380-micro-atx-pc-chassis-black?_pos=141&_fid=559632eaf&_ss=c,2025-03-18 22:12:15.975341,
Slevcase,ALLURE Tri-Dimension Panoramic,MATX,RM 279.00,https://brightstarcomp.com/collections/pc-components/products/slevcase-allure-tri-dimension-panoramic-matx-pc-case?_pos=142&_fid=559632eaf&_ss=c,2025-03-18 22:12:15.975341,
Slevcase,Envision Premium,Micro-ATX,From RM 189.00 to RM 199.00,https://brightstarcomp.com/collections/pc-components/products/slevcase-envision-premium-micro-atx-pc-chassis?_pos=143&_fid=559632eaf&_ss=c,2025-03-18 22:12:15.975341,
Slevcase,Glazing Fantasy,Micro-ATX,From RM 229.00 to RM 239.00,https://brightstarcomp.com/collections/pc-components/products/slevcase-glazing-fantasy-micro-atx-pc-chassis?_pos=144&_fid=559632eaf&_ss=c,2025-03-18 22:12:15.975341,
Slevcase,Horizon,Micro-ATX,From RM 199.00 to RM 209.00,https://brightstarcomp.com/collections/pc-components/products/slevcase-horizon-micro-atx-pc-chassis?_pos=145&_fid=559632eaf&_ss=c,2025-03-18 22:12:17.333411,
Slevcase,Insight   - Black,Micro-ATX,RM 119.00,https://brightstarcomp.com/collections/pc-components/products/slevcase-insight-micro-atx-pc-chassis-black?_pos=146&_fid=559632eaf&_ss=c,2025-03-18 22:12:17.333411,
Slevcase,SEAVIEW Airflow Dual Chamber,Micro-ATX,From RM 209.00 to RM 219.00,https://brightstarcomp.com/collections/pc-components/products/slevcase-seaview-airflow-dual-chamber-micro-atx-case?_pos=147&_fid=559632eaf&_ss=c,2025-03-18 22:12:17.333411,
Slevcase,Spotless with SE380 PSU,Micro-ATX,RM 129.00,https://brightstarcomp.com/collections/pc-components/products/slevcase-spotless-with-se380-psu-micro-atx-pc-chassis?_pos=148&_fid=559632eaf&_ss=c,2025-03-18 22:12:17.333411,
SSUPD,Meshroom S SFF   [G99.OE776SG.00],ATX,RM 559.00,https://brightstarcomp.com/collections/pc-components/products/ssupd-meshroom-s-sff-atx-chassis-g99-oe776sg-00?_pos=149&_fid=559632eaf&_ss=c,2025-03-18 22:12:17.333411,
Tecware,Arc Curved TG,ATX,From RM 289.00 to RM 309.00,https://brightstarcomp.com/collections/pc-components/products/tecware-arc-curved-tg-atx-chassis?_pos=150&_fid=559632eaf&_ss=c,2025-03-18 22:12:17.333411,
Tecware,Arc M,Micro-ATX,From RM 229.00 to RM 239.00,https://brightstarcomp.com/collections/pc-components/products/tecware-arc-m-micro-atx-chassis?_pos=151&_fid=559632eaf&_ss=c,2025-03-18 22:12:17.333411,
Tecware,Core Mini SFF with 250W PSU,Micro-ATX,RM 199.00,https://brightstarcomp.com/collections/pc-components/products/tecware-core-mini-sff-with-250w-psu-micro-atx-pc-chassis?_pos=152&_fid=559632eaf&_ss=c,2025-03-18 22:12:17.333411,
Tecware,Edge Air Tempered Glass   - Black,,RM 209.00,https://brightstarcomp.com/collections/pc-components/products/tecware-edge-air-tempered-glass-mid-tower-pc-chassis-black?_pos=153&_fid=559632eaf&_ss=c,2025-03-18 22:12:17.333411,Mid-Tower
Tecware,Forge M2 Tempered Glass ARGB,Micro-ATX,From RM 159.00 to RM 189.00,https://brightstarcomp.com/collections/pc-components/products/tecware-forge-m2-tempered-glass-argb-micro-atx-pc-chassis?_pos=154&_fid=559632eaf&_ss=c,2025-03-18 22:12:17.333411,
Tecware,Fusion 2,Micro-ATX,From RM 169.00 to RM 249.00,https://brightstarcomp.com/collections/pc-components/products/tecware-fusion-2-micro-atx-chassis?_pos=155&_fid=559632eaf&_ss=c,2025-03-18 22:12:17.333411,
Tecware,Infinity M ARGB,ATX,From RM 249.00 to RM 259.00,https://brightstarcomp.com/collections/pc-components/products/tecware-infinity-m-argb-mid-tower-atx-pc-chassis?_pos=156&_fid=559632eaf&_ss=c,2025-03-18 22:12:17.333411,Mid-Tower
Tecware,Neo M2 Omni TG ARGB,ATX,From RM 169.00 to RM 179.00,https://brightstarcomp.com/collections/pc-components/products/tecware-neo-m2-omni-tg-argb-mid-tower-atx-pc-chassis?_pos=157&_fid=559632eaf&_ss=c,2025-03-18 22:12:17.333411,Mid-Tower
Tecware,Neo M2 Steel,Micro-ATX,RM 129.00,https://brightstarcomp.com/collections/pc-components/products/tecware-neo-m2-steel-micro-atx-pc-chassis?_pos=158&_fid=559632eaf&_ss=c,2025-03-18 22:12:17.333411,
Tecware,Nexus Air M TG ARGB,Micro-ATX,From RM 139.00 to RM 219.00,https://brightstarcomp.com/collections/pc-components/products/tecware-nexus-air-m-tg-argb-micro-atx-pc-chassis?_pos=159&_fid=559632eaf&_ss=c,2025-03-18 22:12:17.333411,
Tecware,Nexus Air M3 Omni ARGB,Micro-ATX,RM 189.00,https://brightstarcomp.com/collections/pc-components/products/tecware-nexus-air-m3-omni-argb-micro-atx-pc-chassis?_pos=160&_fid=559632eaf&_ss=c,2025-03-18 22:12:17.333411,
Tecware,Nexus Air TG ARGB,ATX,From RM 189.00 to RM 205.00,https://brightstarcomp.com/collections/pc-components/products/tecware-nexus-air-tg-argb-mid-tower-atx-pc-chassis?_pos=161&_fid=559632eaf&_ss=c,2025-03-18 22:12:17.334411,Mid-Tower
Tecware,Timber High Airflow,ATX,From RM 249.00 to RM 259.00,https://brightstarcomp.com/collections/pc-components/products/tecware-timber-high-airflow-atx-chassis?_pos=162&_fid=559632eaf&_ss=c,2025-03-18 22:12:17.334411,
Tecware,VX Trinity M TG,ATX,From RM 259.00 to RM 279.00,https://brightstarcomp.com/collections/pc-components/products/tecware-vx-trinity-m-tg-mid-tower-atx-pc-chassis?_pos=163&_fid=559632eaf&_ss=c,2025-03-18 22:12:17.334411,Mid-Tower
Tecware,VX90M Dual Tempered Glass,Micro-ATX,RM 209.00,https://brightstarcomp.com/collections/pc-components/products/tecware-vx90m-dual-tempered-glass-micro-atx-pc-chassis?_pos=164&_fid=559632eaf&_ss=c,2025-03-18 22:12:17.334411,
Tecware,VXN EVO Omni Dual Chamber ARGB,ATX,From RM 209.00 to RM 219.00,https://brightstarcomp.com/collections/pc-components/products/tecware-vxn-evo-omni-dual-chamber-argb-mid-tower-atx-pc-chassis?_pos=165&_fid=559632eaf&_ss=c,2025-03-18 22:12:17.334411,Mid-Tower
Thermaltake,A500 Aluminum Tempered Glass Edition    [CA-1L3-00M9WN-00],ATX,RM 349.00,https://brightstarcomp.com/collections/pc-components/products/thermaltake-a500-aluminum-tempered-glass-edition-atx-mid-tower-chassis-ca-1l3-00m9wn-00?_pos=166&_fid=559632eaf&_ss=c,2025-03-18 22:12:17.334411,Mid Tower
Thermaltake,Ceres 500 TG ARGB,EATX,RM 399.00,https://brightstarcomp.com/collections/pc-components/products/thermaltake-ceres-500-tg-argb-mid-tower-eatx-chassis?_pos=167&_fid=559632eaf&_ss=c,2025-03-18 22:12:17.334411,Mid Tower
Thermaltake,Core P6 TG Snow,ATX,RM 759.00,https://brightstarcomp.com/collections/pc-components/products/thermaltake-core-p6-tg-snow-mid-tower-atx-pc-chassis?_pos=168&_fid=559632eaf&_ss=c,2025-03-18 22:12:17.334411,Mid-Tower
Thermaltake,CTE C750 Air,EATX,RM 499.00,https://brightstarcomp.com/collections/pc-components/products/thermaltake-cte-c750-air-full-tower-eatx-pc-chassis?_pos=169&_fid=559632eaf&_ss=c,2025-03-18 22:12:18.231100,Full-Tower
Thermaltake,CTE C750 Tempered Glass ARGB,EATX,RM 499.00,https://brightstarcomp.com/collections/pc-components/products/thermaltake-cte-c750-tempered-glass-argb-full-tower-eatx-pc-chassis?_pos=170&_fid=559632eaf&_ss=c,2025-03-18 22:12:18.231100,Full-Tower
Thermaltake,Level 20 GT ARGB,E-ATX,RM 349.00,https://brightstarcomp.com/collections/pc-components/products/thermaltake-level-20-gt-argb-e-atx-full-tower-pc-case?_pos=171&_fid=559632eaf&_ss=c,2025-03-18 22:12:18.231100,Full Tower
Thermaltake,S200 TG ARGB Snow,ATX,RM 189.00,https://brightstarcomp.com/collections/pc-components/products/thermaltake-s200-tg-argb-snow-mid-tower-atx-pc-chassis?_pos=172&_fid=559632eaf&_ss=c,2025-03-18 22:12:18.231100,Mid-Tower
Thermaltake,The Tower 200,Mini-ITX,From RM 499.00 to RM 519.00,https://brightstarcomp.com/collections/pc-components/products/thermaltake-the-tower-200-mini-itx-pc-chassis?_pos=173&_fid=559632eaf&_ss=c,2025-03-18 22:12:18.231100,
Thermaltake,The Tower 300,Micro-ATX,From RM 599.00 to RM 619.00,https://brightstarcomp.com/collections/pc-components/products/thermaltake-the-tower-300-micro-atx-pc-chassis?_pos=174&_fid=559632eaf&_ss=c,2025-03-18 22:12:18.231100,
Thermaltake,Versa H25    - Black,ATX,RM 159.00,https://brightstarcomp.com/collections/pc-components/products/thermaltake-versa-h25-mid-tower-atx-pc-chassis-black?_pos=175&_fid=559632eaf&_ss=c,2025-03-18 22:12:18.231100,Mid-Tower
Thermaltake,View 170 Tempered Glass ARGB,Micro-ATX,From RM 229.00 to RM 239.00,https://brightstarcomp.com/collections/pc-components/products/thermaltake-view-170-tempered-glass-argb-micro-atx-pc-chassis?_pos=176&_fid=559632eaf&_ss=c,2025-03-18 22:12:18.231100,
Thermaltake,View 200 TG ARGB Snow,,RM 289.00,https://brightstarcomp.com/collections/pc-components/products/thermaltake-view-200-tg-argb-snow-mid-tower-pc-chassis?_pos=177&_fid=559632eaf&_ss=c,2025-03-18 22:12:18.231100,Mid-Tower
X-Five,Elegant M8 with 500W Psu,Micro-ATX,RM 169.00,https://brightstarcomp.com/collections/pc-components/products/x-five-elegant-m8-with-500w-psu-micro-atx-pc-chassis?_pos=178&_fid=559632eaf&_ss=c,2025-03-18 22:12:18.231100,
X-Five,Marvelous N7 with 300W Psu,Micro-ATX,RM 129.00,https://brightstarcomp.com/collections/pc-components/products/x-five-marvelous-n7-with-300w-psu-micro-atx-pc-chassis?_pos=179&_fid=559632eaf&_ss=c,2025-03-18 22:12:18.231100,
X-Five,T3 with 500W Psu,Micro-ATX,RM 129.00,https://brightstarcomp.com/collections/pc-components/products/x-five-t3-with-500w-psu-micro-atx-pc-chassis?_pos=180&_fid=559632eaf&_ss=c,2025-03-18 22:12:18.231100,
Zalman,P10   - White,Micro-ATX,RM 199.00,https://brightstarcomp.com/collections/pc-components/products/zalman-p10-micro-atx-pc-chassis-white?_pos=181&_fid=559632eaf&_ss=c,2025-03-18 22:12:18.231100,
Phanteks,NV5S,,449.0,https://czone.my/czone/phanteks-nv5s-computer-case.html,2025-03-19 14:38:30.222135,
Deepcool,CH260,MATX,259.0,https://czone.my/czone/deepcool-ch260-matx-computer-case.html,2025-03-19 14:38:30.222135,
Tecware,Timber M TG,,179.0,https://czone.my/czone/tecware-timber-m-tg-computer-case.html,2025-03-19 14:38:30.222135,
Asus,ProArt PA401 Wood Edition,ATX,560.0,https://czone.my/czone/pa401/bk/wood/tg-1741927504.html,2025-03-19 14:38:30.222135,"ATX, TG, Black"
Lian Li,PC-O11 Vision Compact,,1920.0,https://czone.my/czone/pc-o11vpw-1739103813.html,2025-03-19 14:38:30.223136,
Tecware,VX Prism M,mATX,269.0,https://czone.my/czone/twca-vxprm-bkar-1739107091.html,2025-03-19 14:38:30.223136,"mATX, TG, ARGB, Black"
Lian Li,A4-H2O,,679.0,https://czone.my/czone/lian-li-a4-h2o-computer-case.html,2025-03-19 14:38:30.223136,
Tecware,Fusion 2 Air   - DNR,mATX,229.0,https://czone.my/czone/twca-fus2a-bk-1739107088.html,2025-03-19 14:38:30.223136,"mATX, TG, Black"
Tecware,Edge M2 TG,mATX,169.0,https://czone.my/czone/twca-edm2-bkol-1739107087.html,2025-03-19 14:38:30.223136,"mATX, TG, ARGB, Black"
Gaming Freak,P2 Storm TG,mATX,189.0,https://czone.my/czone/gfg-p2storm-1739103401.html,2025-03-19 14:38:30.223136,"mATX, TG, ARGB, Black"
Gaming Freak,P1 Gateway TG,mATX,159.0,https://czone.my/czone/gfg-p1gateway-1739103401.html,2025-03-19 14:38:30.224136,"mATX, TG, ARGB, Black"
Tecware,Edge Air TG,ATX,199.0,https://czone.my/czone/twca-edair-bk-1739107087.html,2025-03-19 14:38:30.224136,"ATX, TG, Black"
Tecware,Nexus Air T3 Omni ARGB,mATX,189.0,https://czone.my/czone/twca-nexat3-bkol-1739107089.html,2025-03-19 14:38:30.224136,"mATX, TG, ARGB, Black"
Tecware,Nexus Air M3 Omni ARGB,mATX,189.0,https://czone.my/czone/twca-nexam3-bkol-1739107089.html,2025-03-19 14:38:30.224136,"mATX, TG, ARGB, Black"
Lian Li,"A3 Computer Black Wooden  (, Mesh, Black)",mATX,359.0,https://czone.my/czone/a3x-wd-1739106872.html,2025-03-19 14:38:30.224136,"mATX, Mesh,  Black"
Tecware,ARC ARGB Curved TG,,,https://czone.my/czone/tecware-arc-argb-curved-tg-computer-case.html,2025-03-19 14:38:30.224136,
Tecware,ARC M ARGB Curved TG,,229.0,https://czone.my/czone/tecware-arc-m-argb-curved-tg-computer-case.html,2025-03-19 14:38:30.225136,
NZXT,H5 Flow,,399.0,https://czone.my/czone/nzxt-h5-flow-2024-computer-case.html,2025-03-19 14:38:30.225136,2024
Jonsbo,C6,,159.0,https://czone.my/czone/jonsbo-c6-computer-case.html,2025-03-19 14:38:30.225136,
Tecware,Neo M2 Omni TG ARGB,,169.0,https://czone.my/czone/tecware-neo-m2-omni-tg-argb-computer-case-matx-tg-black-1.html,2025-03-19 14:38:30.225136,
NZXT,H5 Flow  RGB,,539.0,https://czone.my/czone/nzxt-h5-flow-2024-rgb-computer-case.html,2025-03-19 14:38:30.225136,2024
Tecware,VX Trinity M ARGB,,259.0,https://czone.my/czone/tecware-vx-trinity-m-argb-computer-case-matx-tg-white-1.html,2025-03-19 14:38:30.225136,
Tecware,Timber TG,,,https://czone.my/czone/tecware-timber-tg-computer-case.html,2025-03-19 14:38:30.226137,
Tecware,Infinity M ARGB,,249.0,https://czone.my/czone/tecware-infinity-m-argb-computer-case.html,2025-03-19 14:38:30.226137,
Deepcool,CH170 Digital,ITX,279.0,https://czone.my/czone/deepcool-ch170-digital-itx-computer-case.html,2025-03-19 14:38:30.226137,
Deepcool,CG580,,269.0,https://czone.my/czone/deepcool-cg580-computer-case.html,2025-03-19 14:38:30.226137,
X-Five,BX Mini,mATX,130.0,https://czone.my/czone/bx-mini-1739103183.html,2025-03-19 14:38:30.226137,"mATX, Steel, 500 Watt Power, Black"
NZXT,H7 Flow  RGB,,639.0,https://czone.my/czone/nzxt-h7-flow-2024-rgb-computer-case.html,2025-03-19 14:38:30.226137,2024
Tecware,VXN Evo Omni,,209.0,https://czone.my/czone/tecware-vxn-evo-omni-computer-case.html,2025-03-19 14:38:30.227137,
Silverstone,Fara 514X,,269.0,https://czone.my/czone/silverstone-fara-514x-computer-case.html,2025-03-19 14:38:30.227137,
Silverstone,Fara 312X,mATX,199.0,https://czone.my/czone/sst-fa312x-bg-1739106999.html,2025-03-19 14:38:30.227137,"mATX, TG, ARGB, Black"
Montech,XR,,249.0,https://czone.my/czone/montech-xr-computer-case-atx-3-x120mm-argb-tg-black-1.html,2025-03-19 14:38:30.227137,
Fractal Design,Mood,,809.0,https://czone.my/czone/fractal-design-mood-computer-case-mini-itx-black-1.html,2025-03-19 14:38:35.705558,
Asus,A21,mATX,340.0,https://czone.my/czone/asus a21 wht-1739103132.html,2025-03-19 14:38:35.705558,"mATX, TG, White"
Lian Li,A3,,319.0,https://czone.my/czone/lian-li-a3-computer-case-matx-white-1.html,2025-03-19 14:38:35.705558,
Corsair,480T RGB Airflow,ATX,349.0,https://czone.my/czone/cc-9011272-ww-1739103225.html,2025-03-19 14:38:35.705558,"ATX, TG, ARGB, Black"
Deepcool,CH160,ITX,239.0,https://czone.my/czone/deepcool-ch160-itx-computer-case.html,2025-03-19 14:38:35.706558,
Phanteks,XT Pro Ultra,,329.0,https://czone.my/czone/phanteks-xt-pro-ultra-computer-case.html,2025-03-19 14:38:35.706558,
Phanteks,XT View,,,https://czone.my/czone/phanteks-xt-view-computer-case-atx-tg-drgb-white-1.html,2025-03-19 14:38:35.706558,
Deepcool,CH510,,239.0,https://czone.my/czone/deepcool-ch510-computer-case-atx-tg-white-1.html,2025-03-19 14:38:35.706558,
MSI,MAG Pano M100R PZ,mATX,469.0,https://czone.my/czone/mag pano m100r pz white-1739103633.html,2025-03-19 14:38:35.706558,"mATX, TG, ARGB, White"
Tecware,Nexus Air T3 ARGB,mATX,189.0,https://czone.my/czone/twca-nexat3-bkar-1737818349.html,2025-03-19 14:38:35.707559,"mATX, TG, ARGB, Black"
Tecware,Neo M2 Steel,mATX,129.0,https://czone.my/czone/twca-neom2s-bk-1738846807.html,2025-03-19 14:38:35.707559,"mATX, Steel, Black"
MSI,MAG Forge 320R Airflow,ATX,249.0,https://czone.my/czone/mag forge 320r airflow-1739103633.html,2025-03-19 14:38:35.707559,"ATX, TG, ARGB, Black"
Deepcool,Morpheus,,829.0,https://czone.my/czone/deepcool-morpheus-computer-case.html,2025-03-19 14:38:35.707559,
Deepcool,CH780,,729.0,https://czone.my/czone/deepcool-ch780-computer-case.html,2025-03-19 14:38:35.707559,
Deepcool,CH560 Digital,,469.0,https://czone.my/czone/deepcool-ch560-digital-computer-case.html,2025-03-19 14:38:35.707559,
Asus,A21,mATX,330.0,https://czone.my/czone/asus a21 blk-1739103132.html,2025-03-19 14:38:35.708559,"mATX, TG, Black"
Hyte,Revolt 3,ITX,349.0,https://czone.my/czone/cs-hyte-revolt3-w-1739103273.html,2025-03-19 14:38:35.708559,"ITX, TG, White"
Deepcool,CH370,,239.0,https://czone.my/czone/deepcool-ch370-computer-case-matx-tg-white-1.html,2025-03-19 14:38:35.708559,
NZXT,H6 Flow Compact Dual-Chamber,,479.0,https://czone.my/czone/nzxt-h6-flow-compact-dual-chamber-computer-case.html,2025-03-19 14:38:35.708559,
Deepcool,CK500,,329.0,https://czone.my/czone/deepcool-ck500-computer-case.html,2025-03-19 14:38:35.708559,
MSI,MAG Forge M100R,mATX,239.0,https://czone.my/czone/mag forge m100r-1739103633.html,2025-03-19 14:38:35.708559,"mATX, TG, ARGB, Black"
Thermaltake,Versa S200 TG ARGB,,269.0,https://czone.my/czone/thermaltake-versa-s200-tg-argb-computer-case-atx-tg-white-1.html,2025-03-19 14:38:35.709559,
NZXT,H7 Flow RGB,,565.0,https://czone.my/czone/nzxt-h7-flow-rgb-computer-case.html,2025-03-19 14:38:35.709559,
NZXT,H7 Elite 2023,,749.0,https://czone.my/czone/nzxt-h7-elite-2023-computer-case.html,2025-03-19 14:38:35.709559,
NZXT,H5 Flow RGB,,499.0,https://czone.my/czone/nzxt-h5-flow-rgb-computer-case.html,2025-03-19 14:38:35.709559,
Hyte,Y60 Computer Dual Chamber,ATX,889.0,https://czone.my/czone/hyte-y60-b-1739103456.html,2025-03-19 14:38:35.709559,"ATX, TG, Black"
Montech,Sky Two,ATX,399.0,https://czone.my/czone/sky two white-1739106974.html,2025-03-19 14:38:35.710559,"ATX, TG, White"
,Tecgear Core Slim SFF   - DNR,mATX,189.0,https://czone.my/czone/tgca-crsl-bk-1739107055.html,2025-03-19 14:38:35.710559,"mATX, Black"
Lian Li,Lancool III RGB,,659.0,https://czone.my/czone/lian-li-lancool-iii-rgb-computer-case.html,2025-03-19 14:38:35.710559,
Lian Li,Lancool 216 RGB,EATX,459.0,https://czone.my/czone/lancool-216r-x-1737817835.html,2025-03-19 14:38:35.710559,"EATX, TG, Black"
Montech,Air 1000 Silent,ATX,239.0,https://czone.my/czone/air 1000 silent black-1739103113.html,2025-03-19 14:38:35.710559,"ATX, Black"
Hyte,Y40,,669.0,https://czone.my/czone/hyte-y40-computer-case.html,2025-03-19 14:38:35.710559,
NZXT,H9,,669.0,https://czone.my/czone/nzxt-h9-computer-case.html,2025-03-19 14:38:39.410894,
Silverstone,Fara 312Z,mATX,209.0,https://czone.my/czone/sst-fa312z-bg-1739106999.html,2025-03-19 14:38:39.410894,"mATX, TG, ARGB, Black"
Segotep,Memphis-S,,169.0,https://czone.my/czone/segotep-memphis-s-computer-case-m-atx-tg-black-1.html,2025-03-19 14:38:39.410894,
NZXT,H5 Elite,,599.0,https://czone.my/czone/nzxt-h5-elite-computer-case.html,2025-03-19 14:38:39.411895,
NZXT,H5 Flow,,359.0,https://czone.my/czone/nzxt-h5-flow-computer-case.html,2025-03-19 14:38:39.411895,
NZXT,H7 Flow,,485.0,https://czone.my/czone/nzxt-h7-flow-computer-case.html,2025-03-19 14:38:39.411895,
NZXT,H7,,485.0,https://czone.my/czone/nzxt-h7-computer-case.html,2025-03-19 14:38:39.412894,
Tecware,VXM,,,https://czone.my/czone/tecware-vxm-computer-case.html,2025-03-19 14:38:39.412894,
Tecware,Neo TG ARGB,,305.0,https://czone.my/czone/tecware-neo-tg-argb-computer-case.html,2025-03-19 14:38:39.412894,
1st Player,UN1,ITX,129.0,https://czone.my/czone/un1-1739107161.html,2025-03-19 14:38:39.413895,"ITX, Gray"
Lian Li,Lancool II Mesh C,EATX,429.0,https://czone.my/czone/lian-li-lancool-ii-mesh-c-computer-case-eatx-3x-120mm-argb-tg.html,2025-03-19 14:38:39.413895,"EATX, 3x 120mm ARGB, TG"
Cooler Master,Elite E500,ATX,189.0,https://czone.my/czone/cm-e500-kn5n-s00-1739103248.html,2025-03-19 14:38:39.414895,"ATX, Steel, ODD, Black"
Lian Li,Lancool 215,EATX,349.0,https://czone.my/czone/lancool-215-w-1738118704.html,2025-03-19 14:38:39.414895,"EATX, TG, White"
Montech,Air 1000 Lite,ATX,235.0,https://czone.my/czone/montech-air-1000-lite-computer-case-atx-3-x120mm-tg-black.html,2025-03-19 14:38:39.414895,"ATX, 3 x120mm, TG, Black"
Silverstone,Fara H1M Pro,,,https://czone.my/czone/silverstone-fara-h1m-pro-computer-case.html,2025-03-19 14:38:39.414895,
Lian Li,Lancool 205 Mesh W   - DNR,ATX,309.0,https://czone.my/czone/lancool 205 mesh w white-1739103585.html,2025-03-19 14:38:39.415895,"ATX, TG, ARGB, White"
Corsair,Obsidian 4000D Airflow,ATX,339.0,https://czone.my/czone/cc-9011200-ww-1739103224.html,2025-03-19 14:38:39.415895,"ATX, TG, Black"
Thermaltake,V150,mATX,199.0,https://czone.my/czone/ca-1r1-00s1wn-00-1739103190.html,2025-03-19 14:38:39.415895,"mATX, TG, Black"
Tecware,VXC TG,ATX,249.0,https://czone.my/czone/twca-vxc-bk-1739107090.html,2025-03-19 14:38:39.416895,"ATX, TG, BLK"
Corsair,Obsidian 4000D Airflow,ATX,339.0,https://czone.my/czone/cc-9011201-ww-1739103225.html,2025-03-19 14:38:39.416895,"ATX, TG, White"
X-Five,Elegant M8,mATX,179.0,https://czone.my/czone/cpcemm8-1739103271.html,2025-03-19 14:38:39.416895,"mATX, Steel, ODD, 500 Watt Power, Black"
Thermaltake,H350 TG RGB,ATX,259.0,https://czone.my/czone/ca-1r9-00m1wn-00-1739103190.html,2025-03-19 14:38:39.416895,"ATX, TG, Black"
Lian Li,Lancool 215,EATX,339.0,https://czone.my/czone/lancool-215-x-1737817835.html,2025-03-19 14:38:39.417896,"EATX, TG, Black"
Phanteks,Eclipse P400A,,399.0,https://czone.my/czone/phanteks-eclipse-p400a-computer-case.html,2025-03-19 14:38:39.417896,
Silverstone,Lucid LD03   - DNR,ITX,149.0,https://czone.my/czone/sst-ld03b-1739107001.html,2025-03-19 14:38:39.417896,"mini-ITX, TG, Black"
Lian Li,O10WX   - DNR,EATX,499.0,https://czone.my/czone/pc-o10wx-1739103812.html,2025-03-19 14:38:39.417896,"EATX, TG, Black"