Brand,Model,Size,Color,Price
Armaggeddon,Aquaron Duplex One,MATX,"['Black', 'White']",124
Armaggeddon,Duplex Pro,MATX,"['Black', 'White','Pink']",114
Armaggeddon, Aquaron Wibo,MATX,"['Black', 'White']",124
Armaggeddon,Aquaron,MATX,"['Black', 'White','Pink']",114
Armaggeddon,Aquaron X Curve,MATX,"['Black', 'White']",174
Armaggeddon,Tron Holo 3,MATX,"['Black', 'White']",154
Armaggeddon,Tessaraxx Core 12 Air,ATX,"['Black', 'White']",194
Armaggeddon,Aquaron Pro,ATX,"['Black', 'White','Pink']",164
Armaggeddon,Aqaron Xtreme,EATX,"['Black', 'White','Pink']",294
Armaggeddon,Tritron Pro,ATX,['Black'],119
1st Player,FD8,EATX,['Black'],249
1st Player,MV5-TP,MATX,"['Black', 'White']",209
1st Player,UV5,MATX,"['Black', 'White']",239
1st Player,UV6,MATX,"['Black', 'White']",260
1st Player,T4,MATX,"['Black', 'White']",199
1st Player,Mi5,MATX,"['Black', 'White']",204
1st Player,Mi6,MATX,"['Black', 'White']",239
1st Player,Mi7-A,MATX,"['Black', 'White']",194
1st Player,D7,MATX,"['Black', 'White']",154
Lian Li,O11 Air Mini,ITX,"['Black', 'White']",469
Lian Li,Q58,ITX,"['Black', 'White']",548
Lian Li,A3,MATX,"['Black', 'White']",305
Lian Li,A3 Wooden,MATX,['Black'],355
Lian Li,Lancool 205,MATX,"['Black', 'White']",239
Lian Li,Lancool 207,ATX,"['Black', 'White']",349
Lian Li,Lancool 216,EATX,"['Black', 'White']",459
Lian Li,Lancool III,ATX,"['Black', 'White']",599
Lian Li,O11 Vision Compact,ATX,"['Black', 'White']",489
Lian Li,O11 Vision,EATX,"['Black', 'White']",579
Lian Li,O11 EVO,ATX,"['Black', 'White']",649
