Brand,Name,Socket,Size,RAM Slot,NVME Slot,Wifi,Price,URL,Timestamp,Note
ASRock,A520M/ac,AM4,Micro-ATX,,,1.0,299.0,https://brightstarcomp.com/collections/pc-components/products/asrock-a520m-ac-wifi-am4-micro-atx-motherboard?_pos=1&_fid=5b876dc96&_ss=c,2025-03-18 22:07:26,
ASRock,A620M-HDV/M.2 AMD,AM5,MATX,,,,369.0,https://brightstarcomp.com/collections/pc-components/products/asrock-a620m-hdv-m-2-amd-am5-matx-motherboard?_pos=2&_fid=5b876dc96&_ss=c,2025-03-18 22:07:26,
ASRock,B450M Steel Legend,AM4,Micro-ATX,,,,399.0,https://brightstarcomp.com/collections/pc-components/products/asrock-b450m-steel-legend-am4-micro-atx-motherboard?_pos=3&_fid=5b876dc96&_ss=c,2025-03-18 22:07:26,
ASRock,B450M-HDV R4.0,AM4,Micro-ATX,,,,259.0,https://brightstarcomp.com/collections/pc-components/products/asrock-b450m-hdv-r4-0-am4-micro-atx-motherboard?_pos=4&_fid=5b876dc96&_ss=c,2025-03-18 22:07:26,
ASRock,B550M  SE,AM4,Micro-ATX,,,1.0,469.0,https://brightstarcomp.com/collections/pc-components/products/asrock-b550m-wifi-se-am4-micro-atx-motherboard?_pos=7&_fid=5b876dc96&_ss=c,2025-03-18 22:07:26,
ASRock,B550M  SE,nan,,,,1.0,419.0,https://czone.my/czone/b550m wifi se-1739103144.html,2025-03-19 14:21:24,DDR4
ASRock,B550M Pro SE,AM4,Micro-ATX,,,,429.0,https://brightstarcomp.com/collections/pc-components/products/asrock-b550m-pro-se-am4-micro-atx-motherboard?_pos=5&_fid=5b876dc96&_ss=c,2025-03-18 22:07:26,
ASRock,B550M Steel Legend,AM4,Micro-ATX,,,,559.0,https://brightstarcomp.com/collections/pc-components/products/asrock-b550m-steel-legend-am4-micro-atx-motherboard?_pos=6&_fid=5b876dc96&_ss=c,2025-03-18 22:07:26,
ASRock,B550M-HDV,AM4,Micro-ATX,,,,329.0,https://brightstarcomp.com/collections/pc-components/products/asrock-b550m-hdv-am4-micro-atx-motherboard?_pos=8&_fid=5b876dc96&_ss=c,2025-03-18 22:07:26,
ASRock,B550M-HDV,nan,,,,,309.0,https://czone.my/czone/b550m-hdv-1739103144.html,2025-03-19 14:21:27,DDR4
ASRock,B550M-ITX/ac,AM4,Mini-ITX,,,,659.0,https://brightstarcomp.com/collections/pc-components/products/asrock-b550m-itx-ac-am4-mini-itx-motherboard?_pos=9&_fid=5b876dc96&_ss=c,2025-03-18 22:07:26,
ASRock,B650 Steel Legend,AM5,ATX,,,1.0,1049.0,https://brightstarcomp.com/collections/pc-components/products/asrock-b650-steel-legend-wifi-am5-atx-motherboard?_pos=10&_fid=5b876dc96&_ss=c,2025-03-18 22:07:26,
ASRock,B650I Lightning,AM5,Mini-ITX,,,1.0,969.0,https://brightstarcomp.com/collections/pc-components/products/asrock-b650i-lightning-wifi-am5-mini-itx-motherboard?_pos=11&_fid=5b876dc96&_ss=c,2025-03-18 22:07:26,
ASRock,B650M PG Lightning,AM5,Micro-ATX,,,1.0,669.0,https://brightstarcomp.com/collections/pc-components/products/asrock-b650m-pg-lightning-wifi-am5-micro-atx-motherboard?_pos=12&_fid=5b876dc96&_ss=c,2025-03-18 22:07:26,
ASRock,B650M PG Lightning,nan,,,,1.0,599.0,https://czone.my/czone/b650m pg lighting wifi-1739103147.html,2025-03-19 14:21:21,
ASRock,B650M Pro RS,AM5,Micro-ATX,,,1.0,779.0,https://brightstarcomp.com/collections/pc-components/products/asrock-b650m-pro-rs-wifi-am5-micro-atx-motherboard?_pos=13&_fid=5b876dc96&_ss=c,2025-03-18 22:07:26,
ASRock,B650M-H/M.2,nan,,,,1.0,539.0,https://czone.my/czone/b650m-h/m.2+wifi-1739103147.html,2025-03-19 14:21:21,
ASRock,B650M-H/M.2+,AM5,Micro-ATX,,,,539.0,https://brightstarcomp.com/collections/pc-components/products/asrock-b650m-h-m-2-am5-micro-atx-motherboard?_pos=14&_fid=5b876dc96&_ss=c,2025-03-18 22:07:26,
ASRock,B660M-HDV   - DNR,nan,,,,,399.0,https://czone.my/czone/b660m-hdv-1739103147.html,2025-03-19 14:21:27,DDR4
ASRock,B760 Pro RS,LGA1700,ATX,,,,669.0,https://brightstarcomp.com/collections/pc-components/products/asrock-b760-pro-rs-lga1700-atx-motherboard?_pos=15&_fid=5b876dc96&_ss=c,2025-03-18 22:07:26,
ASRock,B760 Pro RS/D4  Intel,LGA1700,MATX,,,,609.0,https://brightstarcomp.com/collections/pc-components/products/asrock-b760-pro-rs-d4-ddr4-intel-lga1700-matx-motherboard?_pos=16&_fid=5b876dc96&_ss=c,2025-03-18 22:07:26,DDR4
ASRock,B760M PG Lightning,nan,,,,,549.0,https://czone.my/czone/b760m pg lightning/d4-1739103150.html,2025-03-19 14:21:27,DDR4
ASRock,B760M PG Lightning/D4  M-,LGA1700,ATX,,,,499.0,https://brightstarcomp.com/collections/pc-components/products/asrock-b760m-pg-lightning-d4-lga1700-m-atx-motherboard?_pos=17&_fid=5b876dc96&_ss=c,2025-03-18 22:07:26,
ASRock,B760M PG Riptide,LGA1700,Micro-ATX,,,1.0,809.0,https://brightstarcomp.com/collections/pc-components/products/asrock-b760m-pg-riptide-wifi-lga1700-micro-atx-motherboard?_pos=18&_fid=5b876dc96&_ss=c,2025-03-18 22:07:26,
ASRock,B760M PG SONIC    - DNR,nan,,,,1.0,829.0,https://czone.my/czone/b760m pg sonic wifi-1739103151.html,2025-03-19 14:21:27,DDR5
ASRock,B760M Pro-A,LGA1700,Micro-ATX,,,1.0,679.0,https://brightstarcomp.com/collections/pc-components/products/asrock-b760m-pro-a-wifi-lga1700-micro-atx-motherboard?_pos=19&_fid=5b876dc96&_ss=c,2025-03-18 22:07:26,
ASRock,B760M Pro-A/D4,LGA1700,Micro-ATX,,,1.0,559.0,https://brightstarcomp.com/collections/pc-components/products/asrock-b760m-pro-a-d4-wifi-lga1700-micro-atx-motherboard?_pos=20&_fid=5b876dc96&_ss=c,2025-03-18 22:07:26,
ASRock,B760M Steel Legend    - DNR,nan,,,,1.0,729.0,https://czone.my/czone/b760m steel legend wifi-1739103151.html,2025-03-19 14:21:27,DDR5
ASRock,B760M Steel Legend   Intel,LGA1700,MATX,,,1.0,849.0,https://brightstarcomp.com/collections/pc-components/products/asrock-b760m-steel-legend-wifi-ddr5-intel-lga1700-matx-motherboard?_pos=21&_fid=5b876dc96&_ss=c,2025-03-18 22:07:26,DDR5
ASRock,B760M-HDV/M.2,nan,,,,,489.0,https://czone.my/czone/b760m-hdv/m.2-1739103152.html,2025-03-19 14:21:24,DDR5
ASRock,B760M-HDV/M.2  Intel,LGA1700,MATX,,,,499.0,https://brightstarcomp.com/collections/pc-components/products/asrock-b760m-hdv-m-2-ddr5-intel-lga1700-matx-motherboard?_pos=23&_fid=5b876dc96&_ss=c,2025-03-18 22:07:26,DDR5
ASRock,B760M-HDV/M.2 D4,LGA1700,Micro-ATX,,,,379.0,https://brightstarcomp.com/collections/pc-components/products/asrock-b760m-hdv-m-2-d4-lga1700-micro-atx-motherboard?_pos=22&_fid=5b876dc96&_ss=c,2025-03-18 22:07:26,
ASRock,B760M-ITX/D4,LGA1700,Mini-ITX,,,1.0,559.0,https://brightstarcomp.com/collections/pc-components/products/asrock-b760m-itx-d4-wifi-lga1700-mini-itx-motherboard?_pos=24&_fid=5b876dc96&_ss=c,2025-03-18 22:07:26,
ASRock,B760M-ITX/D4 WIFI,LGA1700,Mini ITX,2.0,1.0,1.0,550.0,,,
ASRock,B850 PRO-A  6E,nan,,,,1.0,899.0,https://czone.my/czone/b850 pro-a wifi-1739103153.html,2025-03-19 14:21:21,
ASRock,B850I Lightning  6E,nan,,,,1.0,999.0,https://czone.my/czone/b850i lightning wifi-1739103153.html,2025-03-19 14:21:21,
ASRock,B850M PRO-A  6E,nan,,,,1.0,749.0,https://czone.my/czone/b850m pro-a wifi-1739103154.html,2025-03-19 14:21:21,
ASRock,B850M-X  6E,nan,,,,1.0,639.0,https://czone.my/czone/b850m-x wifi-1739103154.html,2025-03-19 14:21:21,
ASRock,H410M-H,LGA1200,Micro ATX,2.0,1.0,0.0,275.0,,,
ASRock,H610M-HDV/M.2 R2.0,LGA1700,Micro-ATX,,,,329.0,https://brightstarcomp.com/collections/pc-components/products/asrock-h610m-hdv-m-2-r2-0-lga1700-micro-atx-motherboard?_pos=25&_fid=5b876dc96&_ss=c,2025-03-18 22:07:27,
ASRock,H610M-HDV/M.2+ D5,LGA1700,Micro-ATX,,,,369.0,https://brightstarcomp.com/collections/pc-components/products/asrock-h610m-hdv-m-2-d5-lga1700-micro-atx-motherboard?_pos=26&_fid=5b876dc96&_ss=c,2025-03-18 22:07:27,
ASRock,H610M-HVS/M.2 R2.0,LGA1700,Micro-ATX,,,,329.0,https://brightstarcomp.com/collections/pc-components/products/asrock-h610m-hvs-m-2-r2-0-lga1700-micro-atx-motherboard?_pos=27&_fid=5b876dc96&_ss=c,2025-03-18 22:07:27,
ASRock,PG Z790 RIPTIDE,LGA1700,ATX,,,1.0,1099.0,https://brightstarcomp.com/collections/pc-components/products/asrock-pg-z790-riptide-wifi-lga1700-atx-motherboard?_pos=28&_fid=5b876dc96&_ss=c,2025-03-18 22:07:27,
ASRock,PG Z790I Lightning,LGA1700,Mini-ITX,,,1.0,1399.0,https://brightstarcomp.com/collections/pc-components/products/asrock-pg-z790i-lightning-wifi-lga1700-mini-itx-motherboard?_pos=29&_fid=5b876dc96&_ss=c,2025-03-18 22:07:27,
ASRock,Phantom Gaming B760I Lightning,LGA1700,Mini-ITX,,,1.0,1049.0,https://brightstarcomp.com/collections/pc-components/products/asrock-phantom-gaming-b760i-lightning-wifi-lga1700-mini-itx-motherboard?_pos=30&_fid=5b876dc96&_ss=c,2025-03-18 22:07:27,
ASRock,Phantom Gaming X870 Riptide,AM5,ATX,,,1.0,1499.0,https://brightstarcomp.com/collections/pc-components/products/asrock-phantom-gaming-x870-riptide-wifi-am5-atx-motherboard?_pos=31&_fid=5b876dc96&_ss=c,2025-03-18 22:07:27,
ASRock,X870 Pro RS,AM5,ATX,,,1.0,1209.0,https://brightstarcomp.com/collections/pc-components/products/asrock-x870-pro-rs-wifi-am5-atx-motherboard?_pos=32&_fid=5b876dc96&_ss=c,2025-03-18 22:07:27,
ASRock,X870 Pro RS,nan,,,,1.0,1259.0,https://czone.my/czone/x870 pro rs wifi-1739350822.html,2025-03-19 14:21:21,DDR5
ASRock,X870 Steel Legend,AM5,ATX,,,1.0,1379.0,https://brightstarcomp.com/collections/pc-components/products/asrock-x870-steel-legend-wifi-am5-atx-motherboard?_pos=33&_fid=5b876dc96&_ss=c,2025-03-18 22:07:27,
ASRock,X870E TAICHI,AM5,ATX,,,,2399.0,https://brightstarcomp.com/collections/pc-components/products/asrock-x870e-taichi-am5-atx-motherboard?_pos=34&_fid=5b876dc96&_ss=c,2025-03-18 22:07:27,
ASRock,Z490M-ITX/ac,LGA1200,Mini ITX,2.0,1.0,1.0,530.0,,,
ASRock,Z790 Steel Legend  Intel  D5,LGA1700,,,,1.0,1299.0,https://brightstarcomp.com/collections/pc-components/products/asrock-z790-steel-legend-wifi-intel-lga1700-d5-motherboard?_pos=35&_fid=5b876dc96&_ss=c,2025-03-18 22:07:27,
ASRock,Z890 Pro RS,LGA1851,ATX,,,1.0,1329.0,https://brightstarcomp.com/collections/pc-components/products/asrock-z890-pro-rs-wifi-lga1851-atx-motherboard?_pos=36&_fid=5b876dc96&_ss=c,2025-03-18 22:07:27,Black
ASRock,Z890 Pro RS,LGA1851,ATX,,,1.0,1349.0,https://brightstarcomp.com/collections/pc-components/products/asrock-z890-pro-rs-wifi-lga1851-atx-motherboard?_pos=36&_fid=5b876dc96&_ss=c,2025-03-18 22:07:27,White
ASRock,Z890 Pro-A,LGA1851,ATX,,,1.0,1169.0,https://brightstarcomp.com/collections/pc-components/products/asrock-z890-pro-a-wifi-lga1851-atx-motherboard?_pos=37&_fid=5b876dc96&_ss=c,2025-03-18 22:07:27,
ASRock,Z890 Steel Legend,LGA1851,ATX,,,1.0,1419.0,https://brightstarcomp.com/collections/pc-components/products/asrock-z890-steel-legend-wifi-lga1851-atx-motherboard?_pos=38&_fid=5b876dc96&_ss=c,2025-03-18 22:07:27,
ASUS,B650M-AYW,nan,,,,1.0,599.0,https://czone.my/czone/b650m-ayw wifi-1739854802.html,2025-03-19 14:21:21,DDR5
ASUS,PRIME A520M-K,AM4,Micro-ATX,,,,259.0,https://brightstarcomp.com/collections/pc-components/products/asus-prime-a520m-k-am4-micro-atx-motherboard?_pos=39&_fid=5b876dc96&_ss=c,2025-03-18 22:07:27,
ASUS,PRIME B550M-A,AM4,Micro-ATX,,,,439.0,https://brightstarcomp.com/collections/pc-components/products/asus-prime-b550m-a-am4-micro-atx-motherboard?_pos=40&_fid=5b876dc96&_ss=c,2025-03-18 22:07:27,
ASUS,PRIME B550M-K,AM4,Micro-ATX,,,,399.0,https://brightstarcomp.com/collections/pc-components/products/asus-prime-b550m-k-am4-micro-atx-motherboard?_pos=41&_fid=5b876dc96&_ss=c,2025-03-18 22:07:27,
ASUS,PRIME B650M-A  II,AM5,Micro-ATX,,,1.0,779.0,https://brightstarcomp.com/collections/pc-components/products/asus-prime-b650m-a-wifi-ii-ddr5-am5-micro-atx-motherboard?_pos=42&_fid=5b876dc96&_ss=c,2025-03-18 22:07:27,DDR5
ASUS,PRIME B650M-K,AM5,Micro-ATX,,,,679.0,https://brightstarcomp.com/collections/pc-components/products/asus-prime-b650m-k-am5-micro-atx-motherboard?_pos=43&_fid=5b876dc96&_ss=c,2025-03-18 22:07:27,
ASUS,PRIME H610M-K D4-CSM,LGA1700,Micro-ATX,,,,379.0,https://brightstarcomp.com/collections/pc-components/products/asus-prime-h610m-k-d4-csm-lga1700-micro-atx-motherboard?_pos=47&_fid=5b876dc96&_ss=c,2025-03-18 22:07:27,
ASUS,PRIME X870-P -CSM,AM5,ATX,,,1.0,1710.0,https://brightstarcomp.com/collections/pc-components/products/asus-prime-x870-p-wifi-csm-am5-atx-motherboard?_pos=48&_fid=5b876dc96&_ss=c,2025-03-18 22:07:27,
ASUS,PROART B760-A CREATOR   - DNR,nan,,,,,1099.0,https://czone.my/czone/proart b760-creator-1739103830.html,2025-03-19 14:21:24,DDR5
ASUS,Prime B660M-K D4,LGA1700,Micro-ATX,,,,399.0,https://brightstarcomp.com/collections/pc-components/products/asus-prime-b660m-k-d4-lga1700-micro-atx-motherboard?_pos=44&_fid=5b876dc96&_ss=c,2025-03-18 22:07:27,
ASUS,Prime B760M-A,LGA1700,Micro-ATX,,,1.0,769.0,https://brightstarcomp.com/collections/pc-components/products/asus-prime-b760m-a-wifi-lga1700-micro-atx-motherboard?_pos=46&_fid=5b876dc96&_ss=c,2025-03-18 22:07:27,
ASUS,Prime B760M-A,nan,,,,1.0,699.0,https://czone.my/czone/prime b760m-a wifi d4-6442.html,2025-03-19 14:21:24,DDR4
ASUS,Prime B760M-A  D4,LGA1700,Micro-ATX,,,1.0,719.0,https://brightstarcomp.com/collections/pc-components/products/asus-prime-b760m-a-wifi-d4-lga1700-micro-atx-motherboard?_pos=45&_fid=5b876dc96&_ss=c,2025-03-18 22:07:27,
ASUS,Prime Z790-P -CSM,LGA1700,ATX,,,1.0,1299.0,https://brightstarcomp.com/collections/pc-components/products/asus-prime-z790-p-wifi-csm-lga1700-atx-motherboard?_pos=49&_fid=5b876dc96&_ss=c,2025-03-18 22:07:28,
ASUS,Prime Z890-P  CSM,LGA1851,ATX,,,1.0,1550.0,https://brightstarcomp.com/collections/pc-components/products/asus-prime-z890-p-wifi-csm-lga1851-atx-motherboard?_pos=50&_fid=5b876dc96&_ss=c,2025-03-18 22:07:28,
ASUS,ProArt B760-CREATOR,LGA1700,ATX,,,,1399.0,https://brightstarcomp.com/collections/pc-components/products/asus-proart-b760-creator-lga1700-atx-motherboard?_pos=51&_fid=5b876dc96&_ss=c,2025-03-18 22:07:28,
ASUS,ProArt X870E-CREATOR,AM5,ATX,,,1.0,2690.0,https://brightstarcomp.com/collections/pc-components/products/asus-proart-x870e-creator-wifi-am5-atx-motherboard?_pos=52&_fid=5b876dc96&_ss=c,2025-03-18 22:07:28,
ASUS,ROG CROSSHAIR X870E HERO,AM5,ATX,,,,4080.0,https://brightstarcomp.com/collections/pc-components/products/asus-rog-crosshair-x870e-hero-am5-atx-motherboard?_pos=53&_fid=5b876dc96&_ss=c,2025-03-18 22:07:28,
ASUS,ROG Maximus Z790 Hero BTF,LGA1700,ATX,,,,2999.0,https://brightstarcomp.com/collections/pc-components/products/asus-rog-maximus-z790-hero-btf-lga1700-atx-motherboard?_pos=54&_fid=5b876dc96&_ss=c,2025-03-18 22:07:28,
ASUS,ROG Maximus Z890 Apex,LGA1851,ATX,,,,3600.0,https://brightstarcomp.com/collections/pc-components/products/asus-rog-maximus-z890-apex-lga1851-atx-motherboard?_pos=55&_fid=5b876dc96&_ss=c,2025-03-18 22:07:28,
ASUS,ROG Maximus Z890 Extreme,LGA1851,ATX,,,,5200.0,https://brightstarcomp.com/collections/pc-components/products/asus-rog-maximus-z890-extreme-lga1851-atx-motherboard?_pos=56&_fid=5b876dc96&_ss=c,2025-03-18 22:07:28,
ASUS,ROG Maximus Z890 Hero,LGA1851,ATX,,,,3650.0,https://brightstarcomp.com/collections/pc-components/products/asus-rog-maximus-z890-hero-lga1851-atx-motherboard?_pos=57&_fid=5b876dc96&_ss=c,2025-03-18 22:07:28,
ASUS,ROG STRIX X870-A GAMING,AM5,ATX,,,1.0,2290.0,https://brightstarcomp.com/collections/pc-components/products/asus-rog-strix-x870-a-gaming-wifi-am5-atx-motherboard?_pos=65&_fid=5b876dc96&_ss=c,2025-03-18 22:07:28,
ASUS,ROG STRIX X870-F GAMING,AM5,ATX,,,1.0,2470.0,https://brightstarcomp.com/collections/pc-components/products/asus-rog-strix-x870-f-gaming-wifi-am5-atx-motherboard?_pos=66&_fid=5b876dc96&_ss=c,2025-03-18 22:07:28,
ASUS,ROG Strix B650-A Gaming,AM5,ATX,,,1.0,1519.0,https://brightstarcomp.com/collections/pc-components/products/asus-rog-strix-b650-a-gaming-wifi-am5-atx-motherboard?_pos=58&_fid=5b876dc96&_ss=c,2025-03-18 22:07:28,
ASUS,ROG Strix B650E-I Gaming,AM5,Mini-ITX,,,1.0,1529.0,https://brightstarcomp.com/collections/pc-components/products/asus-rog-strix-b650e-i-gaming-wifi-am5-mini-itx-motherboard?_pos=59&_fid=5b876dc96&_ss=c,2025-03-18 22:07:28,
ASUS,ROG Strix B660-F Gaming,LGA1700,ATX,,,1.0,849.0,https://brightstarcomp.com/collections/pc-components/products/asus-rog-strix-b660-f-gaming-wifi-lga1700-atx-motherboard?_pos=60&_fid=5b876dc96&_ss=c,2025-03-18 22:07:28,
ASUS,ROG Strix B660-I Gaming,LGA1700,Mini-ITX,,,1.0,999.0,https://brightstarcomp.com/collections/pc-components/products/asus-rog-strix-b660-i-gaming-wifi-lga1700-mini-itx-motherboard?_pos=61&_fid=5b876dc96&_ss=c,2025-03-18 22:07:28,
ASUS,ROG Strix B760-A Gaming,LGA1700,ATX,,,1.0,1199.0,https://brightstarcomp.com/collections/pc-components/products/asus-rog-strix-b760-a-gaming-wifi-lga1700-atx-motherboard?_pos=62&_fid=5b876dc96&_ss=c,2025-03-18 22:07:28,
ASUS,ROG Strix B760-F Gaming,LGA1700,ATX,,,1.0,1399.0,https://brightstarcomp.com/collections/pc-components/products/asus-rog-strix-b760-f-gaming-wifi-lga1700-atx-motherboard?_pos=63&_fid=5b876dc96&_ss=c,2025-03-18 22:07:28,
ASUS,ROG Strix X670E-I Gaming,AM5,ITX,,,1.0,2399.0,https://brightstarcomp.com/collections/pc-components/products/asus-rog-strix-x670e-i-gaming-wifi-am5-itx-motherboard?_pos=64&_fid=5b876dc96&_ss=c,2025-03-18 22:07:28,
ASUS,ROG Strix X870E-E Gaming,AM5,ATX,,,1.0,2870.0,https://brightstarcomp.com/collections/pc-components/products/asus-rog-strix-x870e-e-gaming-wifi-am5-atx-motherboard?_pos=67&_fid=5b876dc96&_ss=c,2025-03-18 22:07:28,
ASUS,ROG Strix Z690-I Gaming,LGA1700,Mini-ITX,,,1.0,949.0,https://brightstarcomp.com/collections/pc-components/products/asus-rog-strix-z690-i-gaming-wifi-lga1700-mini-itx-motherboard?_pos=68&_fid=5b876dc96&_ss=c,2025-03-18 22:07:28,
ASUS,ROG Strix Z790-A Gaming  II,LGA1700,ATX,,,1.0,1999.0,https://brightstarcomp.com/collections/pc-components/products/asus-rog-strix-z790-a-gaming-wifi-ii-lga1700-atx-motherboard?_pos=69&_fid=5b876dc96&_ss=c,2025-03-18 22:07:28,
ASUS,ROG Strix Z790-F Gaming  II,LGA1700,ATX,,,1.0,1999.0,https://brightstarcomp.com/collections/pc-components/products/asus-rog-strix-z790-f-gaming-wifi-ii-lga1700-atx-motherboard?_pos=70&_fid=5b876dc96&_ss=c,2025-03-18 22:07:28,
ASUS,ROG Strix Z790-I Gaming,LGA1700,Mini-ITX,,,1.0,2499.0,https://brightstarcomp.com/collections/pc-components/products/asus-rog-strix-z790-i-gaming-wifi-lga1700-mini-itx-motherboard?_pos=71&_fid=5b876dc96&_ss=c,2025-03-18 22:07:28,
ASUS,ROG Strix Z890-A Gaming,LGA1851,ATX,,,1.0,2200.0,https://brightstarcomp.com/collections/pc-components/products/asus-rog-strix-z890-a-gaming-wifi-lga1851-atx-motherboard?_pos=72&_fid=5b876dc96&_ss=c,2025-03-18 22:07:28,
ASUS,ROG Strix Z890-E Gaming,LGA1851,ATX,,,1.0,3250.0,https://brightstarcomp.com/collections/pc-components/products/asus-rog-strix-z890-e-gaming-wifi-lga1851-atx-motherboard?_pos=73&_fid=5b876dc96&_ss=c,2025-03-18 22:07:30,
ASUS,ROG Strix Z890-F Gaming,LGA1851,ATX,,,1.0,2250.0,https://brightstarcomp.com/collections/pc-components/products/asus-rog-strix-z890-f-gaming-wifi-lga1851-atx-motherboard?_pos=74&_fid=5b876dc96&_ss=c,2025-03-18 22:07:30,
ASUS,ROG Strix Z890-I Gaming,LGA1851,ITX,,,1.0,2400.0,https://brightstarcomp.com/collections/pc-components/products/asus-rog-strix-z890-i-gaming-wifi-lga1851-itx-motherboard?_pos=75&_fid=5b876dc96&_ss=c,2025-03-18 22:07:30,
ASUS,TUF GAMING B550M-PLUS  II,AM4,Micro-ATX,,,1.0,679.0,https://brightstarcomp.com/collections/pc-components/products/asus-tuf-gaming-b550m-plus-wifi-ii-am4-micro-atx-motherboard?_pos=76&_fid=5b876dc96&_ss=c,2025-03-18 22:07:30,
ASUS,TUF GAMING X870-PLUS,AM5,ATX,,,1.0,2010.0,https://brightstarcomp.com/collections/pc-components/products/asus-tuf-gaming-x870-plus-wifi-am5-atx-motherboard?_pos=80&_fid=5b876dc96&_ss=c,2025-03-18 22:07:30,
ASUS,TUF Gaming B550-Plus,nan,,,,,699.0,https://czone.my/czone/asus-tuf-gaming-b550-plus-motherboard.html,2025-03-19 14:21:27,
ASUS,TUF Gaming B650-PLUS,nan,,,,1.0,1369.0,https://czone.my/czone/tuf gaming b650-plus wifi-1739107080.html,2025-03-19 14:21:24,DDR5
ASUS,TUF Gaming B650M-PLUS,AM5,Micro-ATX,,,1.0,1299.0,https://brightstarcomp.com/collections/pc-components/products/asus-tuf-gaming-b650m-plus-wifi-am5-micro-atx-motherboard?_pos=77&_fid=5b876dc96&_ss=c,2025-03-18 22:07:30,
ASUS,TUF Gaming B760M-BTF,LGA1700,Micro-ATX,,,1.0,1099.0,https://brightstarcomp.com/collections/pc-components/products/asus-tuf-gaming-b760m-btf-wifi-lga1700-micro-atx-motherboard?_pos=78&_fid=5b876dc96&_ss=c,2025-03-18 22:07:30,
ASUS,TUF Gaming B760M-PLUS  II,LGA1700,Micro-ATX,,,1.0,999.0,https://brightstarcomp.com/collections/pc-components/products/asus-tuf-gaming-b760m-plus-wifi-ii-lga1700-micro-atx-motherboard?_pos=79&_fid=5b876dc96&_ss=c,2025-03-18 22:07:30,
ASUS,TUF Gaming Z890-Pro,LGA1851,ATX,,,1.0,1750.0,https://brightstarcomp.com/collections/pc-components/products/asus-tuf-gaming-z890-pro-wifi-lga1851-atx-motherboard?_pos=81&_fid=5b876dc96&_ss=c,2025-03-18 22:07:30,
Asus,PRIME B660M-A D4,LGA1700,Mini ITX,2.0,1.0,0.0,375.0,,,
Asus,PRIME Z690-P WiFi D4,LGA1700,ATX,4.0,2.0,1.0,1300.0,,,
Asus,Prime A520M-K,AM4,Micro ATX,2.0,1.0,0.0,240.0,,,
Asus,Prime B550M-K,AM4,Micro ATX,4.0,2.0,0.0,411.0,,,
Asus,Prime H610M-K,LGA1700,Micro ATX,2.0,1.0,0.0,299.0,,,
Asus,TUF GAMING X570-PLUS,LGA1200,ATX,4.0,2.0,0.0,953.0,,,
Asus,TUF Gaming B550-PLUS WiFi II,AM4,ATX,4.0,2.0,1.0,570.0,,,
Asus,TUF Gaming B760M-PLUS WiFi D4,LGA1700,Micro ATX,4.0,2.0,1.0,600.0,,,
Asus,TUF Gaming H570-PRO WiFi,LGA1200,ATX,4.0,2.0,1.0,963.0,,,
Colorful,BATTLE-AX H610M-E  V20,LGA1700,Micro-ATX,,,1.0,359.0,https://brightstarcomp.com/collections/pc-components/products/colorful-battle-ax-h610m-e-wifi-v20-lga1700-micro-atx-motherboard?_pos=82&_fid=5b876dc96&_ss=c,2025-03-18 22:07:30,
Colorful,COLORFIRE B760M-MEOW  D5 Orange,LGA1700,Micro-ATX,,,1.0,849.0,https://brightstarcomp.com/collections/pc-components/products/colorful-colorfire-b760m-meow-wifi-d5-orange-lga1700-micro-atx-motherboard?_pos=83&_fid=5b876dc96&_ss=c,2025-03-18 22:07:30,
Colorful,CVN B550M Gaming Frozen V15,AM4,Micro-ATX,,,,459.0,https://brightstarcomp.com/collections/pc-components/products/colorful-cvn-b550m-gaming-frozen-v15-am4-micro-atx-motherboard?_pos=84&_fid=5b876dc96&_ss=c,2025-03-18 22:07:30,
Colorful,CVN B760I FROZEN  D5 V20,nan,,,,1.0,679.0,https://czone.my/czone/cvn b760i frozen wifi d5 v20-1740037508.html,2025-03-19 14:21:21,DDR5
Colorful,CVN B760M Gaming Frozen  V20,LGA1700,Micro-ATX,,,1.0,719.0,https://brightstarcomp.com/collections/pc-components/products/colorful-cvn-b760m-gaming-frozen-wifi-v20-lga1700-micro-atx-motherboard?_pos=85&_fid=5b876dc96&_ss=c,2025-03-18 22:07:30,
Colorful,H610I SMART  V20,LGA1700,Mini-ITX,,,1.0,459.0,https://brightstarcomp.com/collections/pc-components/products/colorful-h610i-smart-wifi-v20-lga1700-mini-itx-motherboard?_pos=86&_fid=5b876dc96&_ss=c,2025-03-18 22:07:30,
Colorful,H610MI Smart  V20,nan,,,,1.0,459.0,https://czone.my/czone/colorful h610i smart wifi v20-1740037507.html,2025-03-19 14:21:21,DDR4
GIGABYTE,A520M K V2,AM4,Micro-ATX,,,,259.0,https://brightstarcomp.com/collections/pc-components/products/gigabyte-a520m-k-v2-am4-micro-atx-motherboard?_pos=87&_fid=5b876dc96&_ss=c,2025-03-18 22:07:30,
GIGABYTE,A620I AX (rev 1.0),AM5,Mini-ITX,,,,819.0,https://brightstarcomp.com/collections/pc-components/products/gigabyte-a620i-ax-rev-1-0-am5-mini-itx-motherboard?_pos=88&_fid=5b876dc96&_ss=c,2025-03-18 22:07:30,
GIGABYTE,A620M H,nan,,,,,329.0,https://czone.my/czone/a620m h-1739106874.html,2025-03-19 14:21:21,DDR5
GIGABYTE,A620M H (rev 1.0),AM5,Micro-ATX,,,,369.0,https://brightstarcomp.com/collections/pc-components/products/gigabyte-a620m-h-rev-1-0-am5-micro-atx-motherboard?_pos=89&_fid=5b876dc96&_ss=c,2025-03-18 22:07:30,
GIGABYTE,B550 AORUS Elite AX V2,AM4,ATX,,,,799.0,https://brightstarcomp.com/collections/pc-components/products/gigabyte-b550-aorus-elite-ax-v2-am4-atx-motherboard?_pos=90&_fid=5b876dc96&_ss=c,2025-03-18 22:07:30,
GIGABYTE,B550 Aorus Elite AX V2,nan,,,,,749.0,https://czone.my/czone/b550 aorus elite ax v2-1739103142.html,2025-03-19 14:21:27,DDR4
GIGABYTE,B550I AORUS Pro AX 1.0,AM4,Mini-ITX,,,,899.0,https://brightstarcomp.com/collections/pc-components/products/gigabyte-b550i-aorus-pro-ax-1-0-am4-mini-itx-motherboard?_pos=91&_fid=5b876dc96&_ss=c,2025-03-18 22:07:30,
GIGABYTE,B550M DS3H AC,AM4,Micro-ATX,,,,459.0,https://brightstarcomp.com/collections/pc-components/products/gigabyte-b550m-ds3h-ac-am4-micro-atx-motherboard?_pos=92&_fid=5b876dc96&_ss=c,2025-03-18 22:07:30,
GIGABYTE,B550M DS3H AC,nan,,,,,479.0,https://czone.my/czone/b550m ds3h ac-1739103143.html,2025-03-19 14:21:27,DDR4
GIGABYTE,B550M K,nan,,,,,389.0,https://czone.my/czone/b550m k-1739103143.html,2025-03-19 14:21:27,DDR4
GIGABYTE,B650 AORUS Elite AX ICE,AM5,ATX,,,,1099.0,https://brightstarcomp.com/collections/pc-components/products/gigabyte-b650-aorus-elite-ax-ice-am5-atx-motherboard?_pos=93&_fid=5b876dc96&_ss=c,2025-03-18 22:07:30,
GIGABYTE,B650 Eagle AX   - DNR,nan,,,,,849.0,https://czone.my/czone/b650 eagle ax-1739103145.html,2025-03-19 14:21:24,DDR5
GIGABYTE,B650I AX,AM5,Mini-ITX,,,,949.0,https://brightstarcomp.com/collections/pc-components/products/gigabyte-b650i-ax-am5-mini-itx-motherboard?_pos=94&_fid=5b876dc96&_ss=c,2025-03-18 22:07:30,
GIGABYTE,B650I AX   - DNR,nan,,,,,899.0,https://czone.my/czone/b650i ax-1739103145.html,2025-03-19 14:21:24,DDR5
GIGABYTE,B650M AORUS Elite AX ICE,AM5,Micro-ATX,,,,1099.0,https://brightstarcomp.com/collections/pc-components/products/gigabyte-b650m-aorus-elite-ax-ice-am5-micro-atx-motherboard?_pos=95&_fid=5b876dc96&_ss=c,2025-03-18 22:07:30,
GIGABYTE,B650M Aorus Elite AX ICE   - DNR,nan,,,,,1099.0,https://czone.my/czone/b650m a elite ax ice-1739103145.html,2025-03-19 14:21:24,DDR5
GIGABYTE,B650M D3HP AX   - DNR,nan,,,,,789.0,https://czone.my/czone/b650m d3hp ax-1739103146.html,2025-03-19 14:21:24,DDR5
GIGABYTE,B650M D3HP AX  AMD,AM5,MATX,,,,839.0,https://brightstarcomp.com/collections/pc-components/products/gigabyte-b650m-d3hp-ax-ddr5-amd-am5-matx-motherboard?_pos=96&_fid=5b876dc96&_ss=c,2025-03-18 22:07:30,DDR5
GIGABYTE,B650M Gaming,nan,,,,1.0,599.0,https://czone.my/czone/b650m gaming wifi-1739105115.html,2025-03-19 14:21:24,DDR5
GIGABYTE,B650M Gaming  (rev 1.0),AM5,Micro-ATX,,,1.0,609.0,https://brightstarcomp.com/collections/pc-components/products/gigabyte-b650m-gaming-wifi-rev-1-0-am5-micro-atx-motherboard?_pos=98&_fid=5b876dc96&_ss=c,2025-03-18 22:07:31,
GIGABYTE,B650M Gaming Plus,AM5,Micro-ATX,,,1.0,699.0,https://brightstarcomp.com/collections/pc-components/products/gigabyte-b650m-gaming-plus-wifi-am5-micro-atx-motherboard?_pos=97&_fid=5b876dc96&_ss=c,2025-03-18 22:07:31,
GIGABYTE,B650M Gaming Plus,nan,,,,1.0,699.0,https://czone.my/czone/b650m gaming plus wf-1739103146.html,2025-03-19 14:21:24,DDR5
GIGABYTE,B650M Gaming X AX   - DNR,nan,,,,,929.0,https://czone.my/czone/b650m gaming x ax-1739103147.html,2025-03-19 14:21:27,DDR5
GIGABYTE,B650M Gaming X AX (rev 1.0),AM5,Micro-ATX,,,,1049.0,https://brightstarcomp.com/collections/pc-components/products/gigabyte-b650m-gaming-x-ax-rev-1-0-am5-micro-atx-motherboard?_pos=99&_fid=5b876dc96&_ss=c,2025-03-18 22:07:31,
GIGABYTE,B760 AORUS Elite AX,LGA1700,ATX,,,,1059.0,https://brightstarcomp.com/collections/pc-components/products/gigabyte-b760-aorus-elite-ax-ddr4-lga1700-atx-motherboard?_pos=100&_fid=5b876dc96&_ss=c,2025-03-18 22:07:31,DDR4
GIGABYTE,B760 Aorus Elite AX,nan,,,,,949.0,https://czone.my/czone/b760 aorus elite ax-1739103148.html,2025-03-19 14:21:24,DDR5
GIGABYTE,B760 Aorus Elite AX  Intel,LGA1700,MATX,,,,999.0,https://brightstarcomp.com/collections/pc-components/products/gigabyte-b760-aorus-elite-ax-ddr5-intel-lga1700-matx-motherboard?_pos=101&_fid=5b876dc96&_ss=c,2025-03-18 22:07:31,DDR5
GIGABYTE,B760 DS3H AX,LGA1700,ATX,,,,829.0,https://brightstarcomp.com/collections/pc-components/products/gigabyte-b760-ds3h-ax-lga1700-atx-motherboard?_pos=102&_fid=5b876dc96&_ss=c,2025-03-18 22:07:31,
GIGABYTE,B760M AORUS Elite AX,LGA1700,Micro-ATX,,,,779.0,https://brightstarcomp.com/collections/pc-components/products/gigabyte-b760m-aorus-elite-ax-ddr4-lga1700-micro-atx-motherboard?_pos=103&_fid=5b876dc96&_ss=c,2025-03-18 22:07:31,DDR4
GIGABYTE,B760M AORUS Elite AX  (rev 1.0),LGA1700,Micro-ATX,,,,829.0,https://brightstarcomp.com/collections/pc-components/products/gigabyte-b760m-aorus-elite-ax-ddr5-rev-1-0-lga1700-micro-atx-motherboard?_pos=104&_fid=5b876dc96&_ss=c,2025-03-18 22:07:31,DDR5
GIGABYTE,B760M Aorus Elite AX,nan,,,,,749.0,https://czone.my/czone/b760m a elite ax ddr4-1739103149.html,2025-03-19 14:21:27,DDR4
GIGABYTE,B760M DS3H AX,LGA1700,Micro-ATX,,,,609.0,https://brightstarcomp.com/collections/pc-components/products/gigabyte-b760m-ds3h-ax-ddr4-lga1700-micro-atx-motherboard?_pos=106&_fid=5b876dc96&_ss=c,2025-03-18 22:07:31,DDR4
GIGABYTE,B760M DS3H AX,nan,,,,,599.0,https://czone.my/czone/b760m ds3h ax ddr4-1739103149.html,2025-03-19 14:21:27,DDR4
GIGABYTE,B760M DS3H AX,nan,,,,,649.0,https://czone.my/czone/b760m ds3h ax-1739103149.html,2025-03-19 14:21:24,DDR5
GIGABYTE,B760M DS3H AX  Intel,LGA1700,MATX,,,,699.0,https://brightstarcomp.com/collections/pc-components/products/gigabyte-b760m-ds3h-ax-ddr4-intel-lga1700-matx-motherboard?_pos=105&_fid=5b876dc96&_ss=c,2025-03-18 22:07:31,DDR4
GIGABYTE,B760M E  Intel,LGA1700,MATX,,,,459.0,https://brightstarcomp.com/collections/pc-components/products/gigabyte-b760m-e-ddr5-intel-lga1700-matx-motherboard?_pos=107&_fid=5b876dc96&_ss=c,2025-03-18 22:07:31,DDR5
GIGABYTE,B760M Gaming  Plus,LGA1700,Micro-ATX,,,1.0,669.0,https://brightstarcomp.com/collections/pc-components/products/gigabyte-b760m-gaming-wifi-plus-lga1700-micro-atx-motherboard?_pos=108&_fid=5b876dc96&_ss=c,2025-03-18 22:07:31,
GIGABYTE,B760M Gaming X AX,LGA1700,Micro-ATX,,,,799.0,https://brightstarcomp.com/collections/pc-components/products/gigabyte-b760m-gaming-x-ax-ddr4-lga1700-micro-atx-motherboard?_pos=109&_fid=5b876dc96&_ss=c,2025-03-18 22:07:31,DDR4
GIGABYTE,B760M H,nan,,,,,439.0,https://czone.my/czone/b760m h ddr4-1739103150.html,2025-03-19 14:21:27,DDR4
GIGABYTE,B760M H  Intel  Socket Moterboard,LGA1700,,,,,419.0,https://brightstarcomp.com/collections/pc-components/products/gigabyte-b760m-h-ddr4-intel-lga1700-socket-moterboard?_pos=110&_fid=5b876dc96&_ss=c,2025-03-18 22:07:31,DDR4
GIGABYTE,B850 Aorus Elite  7,nan,,,,1.0,1149.0,https://czone.my/czone/b850 a elite wf7-1739103152.html,2025-03-19 14:21:21,
GIGABYTE,B850 Aorus Elite  7 Ice,nan,,,,1.0,1199.0,https://czone.my/czone/b850 a elite wifi7 ice-1739103152.html,2025-03-19 14:21:21,
GIGABYTE,B850 Eagle  6E,nan,,,,1.0,929.0,https://czone.my/czone/b850 eagle wifi6e-1739103152.html,2025-03-19 14:21:21,
GIGABYTE,B850M Aorus Elite  6E Ice,nan,,,,1.0,1119.0,https://czone.my/czone/b850m a elt wf6e ice-1739103153.html,2025-03-19 14:21:21,
GIGABYTE,B850M Gaming X  6E,nan,,,,1.0,1029.0,https://czone.my/czone/b850m gaming x wf6e-1739103154.html,2025-03-19 14:21:21,
GIGABYTE,B860 Gaming X 6E,nan,,,,1.0,1049.0,https://czone.my/czone/b860 gaming x wifi6e-1739103154.html,2025-03-19 14:21:21,DDR5
GIGABYTE,B860M Aorus Elite 6E,nan,,,,1.0,999.0,https://czone.my/czone/b860m a elite wifi6e-1740388528.html,2025-03-19 14:21:21,DDR5
GIGABYTE,B860M Eagle 6,nan,,,,1.0,719.0,https://czone.my/czone/b860m eagle wifi6-1739103155.html,2025-03-19 14:21:21,DDR5
GIGABYTE,H610M Gaming,nan,,,,1.0,469.0,https://czone.my/czone/h610m gaming wf ddr4-1739103425.html,2025-03-19 14:21:24,DDR4
GIGABYTE,H610M H,LGA1700,Micro-ATX,,,,339.0,https://brightstarcomp.com/collections/pc-components/products/gigabyte-h610m-h-lga1700-micro-atx-motherboard?_pos=111&_fid=5b876dc96&_ss=c,2025-03-18 22:07:31,
GIGABYTE,H610M H,nan,,,,,319.0,https://czone.my/czone/h610m h v3 ddr4-4286.html,2025-03-19 14:21:24,DDR4
GIGABYTE,H610M H,nan,,,,,329.0,https://czone.my/czone/h610m h v2-1741767314.html,2025-03-19 14:21:21,DDR5
GIGABYTE,H610M H V2,LGA1700,Micro-ATX,,,,419.0,https://brightstarcomp.com/collections/pc-components/products/gigabyte-h610m-h-v2-lga1700-micro-atx-motherboard?_pos=112&_fid=5b876dc96&_ss=c,2025-03-18 22:07:31,
GIGABYTE,H610M H V3,LGA1700,Micro-ATX,,,,329.0,https://brightstarcomp.com/collections/pc-components/products/gigabyte-h610m-h-v3-ddr4-lga1700-micro-atx-motherboard?_pos=113&_fid=5b876dc96&_ss=c,2025-03-18 22:07:31,DDR4
GIGABYTE,H610M K,LGA1700,Micro-ATX,,,,399.0,https://brightstarcomp.com/collections/pc-components/products/gigabyte-h610m-k-ddr4-lga1700-micro-atx-motherboard?_pos=114&_fid=5b876dc96&_ss=c,2025-03-18 22:07:31,DDR4
GIGABYTE,H610M K,nan,,,,,299.0,https://czone.my/czone/h610m k ddr4-1739103426.html,2025-03-19 14:21:27,DDR4
GIGABYTE,X670 Aorus Elite AX   - DNR,nan,,,,,1299.0,https://czone.my/czone/x670 aorus elite ax-1739107214.html,2025-03-19 14:21:27,DDR5
GIGABYTE,X670E Aorus Master   - DNR,nan,,,,,2199.0,https://czone.my/czone/x670e aorus master-1739107214.html,2025-03-19 14:21:27,DDR5
GIGABYTE,X870 AORUS Elite 7,AM5,ATX,,,1.0,1599.0,https://brightstarcomp.com/collections/pc-components/products/gigabyte-x870-aorus-elite-wifi7-am5-atx-motherboard?_pos=115&_fid=5b876dc96&_ss=c,2025-03-18 22:07:31,Black
GIGABYTE,X870 AORUS Elite 7,AM5,ATX,,,1.0,1659.0,https://brightstarcomp.com/collections/pc-components/products/gigabyte-x870-aorus-elite-wifi7-am5-atx-motherboard?_pos=115&_fid=5b876dc96&_ss=c,2025-03-18 22:07:31,White
GIGABYTE,X870 Aorus Elite  7,nan,,,,1.0,1499.0,https://czone.my/czone/x870 a elite wifi7-1739107215.html,2025-03-19 14:21:24,DDR5
GIGABYTE,X870 Aorus Elite  7 Ice,nan,,,,1.0,1599.0,https://czone.my/czone/x870 a elite wifi7 ice-1739107215.html,2025-03-19 14:21:24,DDR5
GIGABYTE,X870 Gaming X  7,nan,,,,1.0,1249.0,https://czone.my/czone/x870 gaming x wifi7-1739107215.html,2025-03-19 14:21:24,DDR5
GIGABYTE,X870 Gaming X 7,AM5,ATX,,,1.0,1329.0,https://brightstarcomp.com/collections/pc-components/products/gigabyte-x870-gaming-x-wifi7-am5-atx-motherboard?_pos=116&_fid=5b876dc96&_ss=c,2025-03-18 22:07:31,
GIGABYTE,X870E AORUS Elite 7,AM5,ATX,,,1.0,1799.0,https://brightstarcomp.com/collections/pc-components/products/gigabyte-x870e-aorus-elite-wifi7-am5-atx-motherboard?_pos=117&_fid=5b876dc96&_ss=c,2025-03-18 22:07:31,
GIGABYTE,X870E AORUS Master,AM5,ATX,,,1.0,2799.0,https://brightstarcomp.com/collections/pc-components/products/gigabyte-x870e-aorus-master-wifi-am5-atx-motherboard?_pos=118&_fid=5b876dc96&_ss=c,2025-03-18 22:07:31,
GIGABYTE,X870E Aorus Elite  7,nan,,,,1.0,1699.0,https://czone.my/czone/x870e a elite wifi7-1739107216.html,2025-03-19 14:21:24,DDR5
GIGABYTE,X870E Aorus Master,nan,,,,,2599.0,https://czone.my/czone/x870e aorus master-1739107216.html,2025-03-19 14:21:21,DDR5
GIGABYTE,Z790 Aero G,LGA1700,ATX,,,,1799.0,https://brightstarcomp.com/collections/pc-components/products/gigabyte-z790-aero-g-lga1700-atx-motherboard?_pos=119&_fid=5b876dc96&_ss=c,2025-03-18 22:07:31,
GIGABYTE,Z790 Aorus Elite X  7 Intel  Socket,LGA1700,ATX,,,1.0,1399.0,https://brightstarcomp.com/collections/pc-components/products/gigabyte-z790-aorus-elite-x-wifi-7-intel-lga1700-socket-ddr5-atx-motherboard?_pos=120&_fid=5b876dc96&_ss=c,2025-03-18 22:07:31,DDR5
GIGABYTE,Z890 AORUS Elite 7,LGA1851,ATX,,,1.0,1499.0,https://brightstarcomp.com/collections/pc-components/products/gigabyte-z890-aorus-elite-wifi7-lga1851-atx-motherboard?_pos=122&_fid=5b876dc96&_ss=c,2025-03-18 22:07:32,Black
GIGABYTE,Z890 AORUS Elite 7,LGA1851,ATX,,,1.0,1559.0,https://brightstarcomp.com/collections/pc-components/products/gigabyte-z890-aorus-elite-wifi7-lga1851-atx-motherboard?_pos=122&_fid=5b876dc96&_ss=c,2025-03-18 22:07:32,Ice
GIGABYTE,Z890 AORUS Elite X Ice,LGA1851,ATX,,,,1759.0,https://brightstarcomp.com/collections/pc-components/products/gigabyte-z890-aorus-elite-x-ice-lga1851-atx-motherboard?_pos=123&_fid=5b876dc96&_ss=c,2025-03-18 22:07:32,
GIGABYTE,Z890 AORUS Pro Ice,LGA1851,ATX,,,,2299.0,https://brightstarcomp.com/collections/pc-components/products/gigabyte-z890-aorus-pro-ice-lga1851-atx-motherboard?_pos=124&_fid=5b876dc96&_ss=c,2025-03-18 22:07:32,
GIGABYTE,Z890 Aero G,LGA1851,ATX,,,,1799.0,https://brightstarcomp.com/collections/pc-components/products/gigabyte-z890-aero-g-lga1851-atx-motherboard?_pos=121&_fid=5b876dc96&_ss=c,2025-03-18 22:07:32,
GIGABYTE,Z890 Aero G,nan,,,,,1699.0,https://czone.my/czone/z890 aero g-1739107243.html,2025-03-19 14:21:24,DDR5
GIGABYTE,Z890 Aorus Elite  7,nan,,,,1.0,1419.0,https://czone.my/czone/z890 a elite wifi7-1739107243.html,2025-03-19 14:21:21,DDR5
GIGABYTE,Z890 Eagle  7,nan,,,,1.0,1199.0,https://czone.my/czone/z890 eagle wifi7-1739107243.html,2025-03-19 14:21:24,DDR5
GIGABYTE,Z890 Eagle 7,LGA1851,ATX,,,1.0,1269.0,https://brightstarcomp.com/collections/pc-components/products/gigabyte-z890-eagle-wifi7-lga1851-atx-motherboard?_pos=125&_fid=5b876dc96&_ss=c,2025-03-18 22:07:32,
GIGABYTE,Z890 Gaming X  7,LGA1851,ATX,,,1.0,1359.0,https://brightstarcomp.com/collections/pc-components/products/gigabyte-z890-gaming-x-wifi-7-lga1851-atx-motherboard?_pos=126&_fid=5b876dc96&_ss=c,2025-03-18 22:07:32,
GIGABYTE,Z890 Gaming X  7,nan,,,,1.0,1299.0,https://czone.my/czone/z890 gaming x wifi7-1739107244.html,2025-03-19 14:21:24,DDR5
Gigabyte,A520I AC,AM4,Mini ITX,2.0,1.0,1.0,500.0,,,
Gigabyte,A520M K V2,AM4,Mini ITX,2.0,1.0,0.0,215.0,,,
Gigabyte,B450M DS3H WiFi,AM4,Micro ATX,4.0,1.0,1.0,429.0,,,
Gigabyte,B550M K,AM4,Micro ATX,4.0,1.0,0.0,409.0,,,
Gigabyte,H610M K,LGA1700,Micro ATX,2.0,1.0,0.0,299.0,,,
Gigabyte,Z690 UD,LGA1700,ATX,4.0,2.0,0.0,768.0,,,
MSI,A520M-A PRO,AM4,Micro-ATX,,,,249.0,https://brightstarcomp.com/collections/pc-components/products/msi-a520m-a-pro-am4-micro-atx-motherboard?_pos=127&_fid=5b876dc96&_ss=c,2025-03-18 22:07:32,
MSI,A520M-A Pro,AM4,Micro ATX,2.0,1.0,0.0,233.0,,,
MSI,A520M-A Pro,nan,,,,,239.0,https://czone.my/czone/a520m-a pro-1739106873.html,2025-03-19 14:21:27,DDR4
MSI,B450M Pro-VDH Max,AM4,Micro-ATX,,,,309.0,https://brightstarcomp.com/collections/pc-components/products/msi-b450m-pro-vdh-max-am4-micro-atx-motherboard?_pos=128&_fid=5b876dc96&_ss=c,2025-03-18 22:07:32,
MSI,B550 Gaming Plus,nan,,,,,549.0,https://czone.my/czone/mpg b550 gaming plus-1739103703.html,2025-03-19 14:21:27,DDR4
MSI,B550 Tomahawk Max,nan,,,,1.0,799.0,https://czone.my/czone/mag b550 tomahawk max wifi-1739103632.html,2025-03-19 14:21:27,DDR4
MSI,B550M Mortar Max,nan,,,,1.0,599.0,https://czone.my/czone/mag b550m mortar max wifi-4960.html,2025-03-19 14:21:27,
MSI,B550M PRO-VDH,AM4,Micro-ATX,,,1.0,499.0,https://brightstarcomp.com/collections/pc-components/products/msi-b550m-pro-vdh-wifi-am4-micro-atx-motherboard?_pos=129&_fid=5b876dc96&_ss=c,2025-03-18 22:07:32,
MSI,B550M Pro-VDH,nan,,,,1.0,459.0,https://czone.my/czone/b550m pro-vdh wifi-1739103143.html,2025-03-19 14:21:27,DDR4
MSI,B550M Pro-VDH WiFi,AM4,Micro ATX,4.0,2.0,1.0,480.0,,,
MSI,B550M-A PRO,AM4,Micro-ATX,,,,349.0,https://brightstarcomp.com/collections/pc-components/products/msi-b550m-a-pro-am4-micro-atx-motherboard?_pos=130&_fid=5b876dc96&_ss=c,2025-03-18 22:07:32,
MSI,B550M-A Pro,nan,,,,,319.0,https://czone.my/czone/b550m-a pro-1739103144.html,2025-03-19 14:21:27,DDR4
MSI,B650 Gaming Plus,nan,,,,1.0,799.0,https://czone.my/czone/b650 gaming plus wifi-1739103145.html,2025-03-19 14:21:21,DDR5
MSI,B650I Edge,nan,,,,1.0,999.0,https://czone.my/czone/mpg b650i edge wifi-1739103703.html,2025-03-19 14:21:27,DDR5
MSI,B650M Gaming,AM5,Micro-ATX,,,1.0,659.0,https://brightstarcomp.com/collections/pc-components/products/msi-b650m-gaming-wifi-am5-micro-atx-motherboard?_pos=132&_fid=5b876dc96&_ss=c,2025-03-18 22:07:32,
MSI,B650M Gaming,nan,,,,1.0,599.0,https://czone.my/czone/msi b650m gaming wifi-5661.html,2025-03-19 14:21:24,DDR5
MSI,B650M Gaming Plus,AM5,Micro-ATX,,,1.0,799.0,https://brightstarcomp.com/collections/pc-components/products/msi-b650m-gaming-plus-wifi-am5-micro-atx-motherboard?_pos=131&_fid=5b876dc96&_ss=c,2025-03-18 22:07:32,
MSI,B650M Gaming Plus,nan,,,,1.0,699.0,https://czone.my/czone/b650m gaming plus wifi-1739103146.html,2025-03-19 14:21:24,DDR5
MSI,B650M-A,nan,,,,1.0,799.0,https://czone.my/czone/pro b650m-a wifi-1739103827.html,2025-03-19 14:21:27,
MSI,B760 Gaming Plus,nan,ATX,,,1.0,829.0,https://brightstarcomp.com/collections/pc-components/products/msi-b760-gaming-plus-wifi-atx-motherboard?_pos=133&_fid=5b876dc96&_ss=c,2025-03-18 22:07:32,
MSI,B760 Gaming Plus,nan,,,,1.0,849.0,https://czone.my/czone/b760 gaming plus wifi-1739103148.html,2025-03-19 14:21:27,DDR5
MSI,B760 Tomahawk,nan,,,,1.0,1099.0,https://czone.my/czone/mag b760 tomahawk wifi-1739103632.html,2025-03-19 14:21:27,DDR5
MSI,B760I EDGE    - DNR,nan,,,,1.0,969.0,https://czone.my/czone/mpg b760i edge wifi-1739103703.html,2025-03-19 14:21:24,DDR5
MSI,B760M EDGE Ti    - DNR,nan,,,,1.0,1129.0,https://czone.my/czone/mpg b760m edge ti wifi-1739103704.html,2025-03-19 14:21:24,DDR5
MSI,B760M Gaming Plus,nan,,,,1.0,679.0,https://czone.my/czone/b760m gaming plus wifi ddr4-1739103150.html,2025-03-19 14:21:21,DDR4
MSI,B760M Gaming Plus,nan,,,,1.0,779.0,https://czone.my/czone/b760m gaming plus wifi-1739103149.html,2025-03-19 14:21:24,DDR5
MSI,B760M Mortar,nan,,,,1.0,949.0,https://czone.my/czone/mag b760m mortar wifi-1739103632.html,2025-03-19 14:21:27,DDR5
MSI,B760M Mortar  II,nan,,,,1.0,949.0,https://czone.my/czone/mag b760m mortar wifi ii-1739103633.html,2025-03-19 14:21:24,DDR5
MSI,B760M Project Zero   - DNR,nan,,,,,949.0,https://czone.my/czone/b760m project zero-1739103151.html,2025-03-19 14:21:24,DDR5
MSI,B760M-A,nan,,,,1.0,699.0,https://czone.my/czone/pro b760m-a wifi ddr4-1739103828.html,2025-03-19 14:21:27,DDR4
MSI,B760M-A WIFI DDR4,LGA1700,Micro ATX,4.0,2.0,1.0,630.0,,,
MSI,B840-P,nan,,,,1.0,779.0,https://czone.my/czone/pro b840-p wifi-1739103828.html,2025-03-19 14:21:21,DDR5
MSI,B850 Gaming Plus,nan,,,,1.0,1049.0,https://czone.my/czone/b850 gaming plus wifi-1739103153.html,2025-03-19 14:21:21,DDR5
MSI,H510M-B,nan,,,,,349.0,https://czone.my/czone/pro h510m-b-1739103829.html,2025-03-19 14:21:21,
MSI,H610M-E,nan,,,,,329.0,https://czone.my/czone/pro h610m-e ddr4-6457.html,2025-03-19 14:21:27,DDR4
MSI,MAG B550 Tomahawk Max,AM4,ATX,,,1.0,899.0,https://brightstarcomp.com/collections/pc-components/products/msi-mag-b550-tomahawk-max-wifi-am4-atx-motherboard?_pos=134&_fid=5b876dc96&_ss=c,2025-03-18 22:07:32,
MSI,MAG B550M Mortar Max,AM4,Micro-ATX,,,1.0,639.0,https://brightstarcomp.com/collections/pc-components/products/msi-mag-b550m-mortar-max-wifi-am4-micro-atx-motherboard?_pos=135&_fid=5b876dc96&_ss=c,2025-03-18 22:07:32,
MSI,MAG B650 Tomahawk,AM5,ATX,,,1.0,1289.0,https://brightstarcomp.com/collections/pc-components/products/msi-mag-b650-tomahawk-wifi-am5-atx-motherboard?_pos=136&_fid=5b876dc96&_ss=c,2025-03-18 22:07:32,
MSI,MAG B760 Tomahawk,LGA1700,ATX,,,1.0,999.0,https://brightstarcomp.com/collections/pc-components/products/msi-mag-b760-tomahawk-wifi-lga1700-atx-motherboard?_pos=137&_fid=5b876dc96&_ss=c,2025-03-18 22:07:32,
MSI,MAG B760M Mortar  II,LGA1700,Micro-ATX,,,1.0,899.0,https://brightstarcomp.com/collections/pc-components/products/msi-mag-b760m-mortar-wifi-ii-lga1700-micro-atx-motherboard?_pos=138&_fid=5b876dc96&_ss=c,2025-03-18 22:07:32,
MSI,MAG X870 Tomahawk,AM5,ATX,,,1.0,1649.0,https://brightstarcomp.com/collections/pc-components/products/msi-mag-x870-tomahawk-wifi-am5-atx-motherboard?_pos=139&_fid=5b876dc96&_ss=c,2025-03-18 22:07:32,
MSI,MAG Z790 Tomahawk Max,LGA1700,ATX,,,1.0,1399.0,https://brightstarcomp.com/collections/pc-components/products/msi-mag-z790-tomahawk-max-wifi-lga1700-atx-motherboard?_pos=140&_fid=5b876dc96&_ss=c,2025-03-18 22:07:32,
MSI,MAG Z890 Tomahawk,LGA1851,ATX,,,1.0,1909.0,https://brightstarcomp.com/collections/pc-components/products/msi-mag-z890-tomahawk-wifi-lga1851-atx-motherboard?_pos=141&_fid=5b876dc96&_ss=c,2025-03-18 22:07:32,
MSI,MEG Z790 GODLIKE MAX,LGA1700,E-ATX,,,,4999.0,https://brightstarcomp.com/collections/pc-components/products/msi-meg-z790-godlike-max-lga1700-e-atx-motherboard?_pos=142&_fid=5b876dc96&_ss=c,2025-03-18 22:07:32,
MSI,MEG Z890 Ace,LGA1851,ATX,,,,3319.0,https://brightstarcomp.com/collections/pc-components/products/msi-meg-z890-ace-lga1851-atx-motherboard?_pos=143&_fid=5b876dc96&_ss=c,2025-03-18 22:07:32,
MSI,MPG B550 Gaming Plus,AM4,ATX,,,,559.0,https://brightstarcomp.com/collections/pc-components/products/msi-mpg-b550-gaming-plus-am4-atx-motherboard?_pos=144&_fid=5b876dc96&_ss=c,2025-03-18 22:07:32,
MSI,MPG B650I Edge,AM5,Mini-ITX,,,1.0,1149.0,https://brightstarcomp.com/collections/pc-components/products/msi-mpg-b650i-edge-wifi-am5-mini-itx-motherboard?_pos=145&_fid=457de5fe2&_ss=c,2025-03-18 22:07:34,
MSI,MPG B760I Edge,LGA1700,Mini-ITX,,,1.0,1049.0,https://brightstarcomp.com/collections/pc-components/products/msi-mpg-b760i-edge-wifi-lga1700-mini-itx-motherboard?_pos=146&_fid=457de5fe2&_ss=c,2025-03-18 22:07:34,
MSI,MPG B760M EDGE TI   Micro,LGA1700,ATX,,,1.0,1049.0,https://brightstarcomp.com/collections/pc-components/products/msi-mpg-b760m-edge-ti-wifi-lga1700-micro-atx-motherboard?_pos=147&_fid=457de5fe2&_ss=c,2025-03-18 22:07:34,
MSI,MPG X870E Carbon,AM5,ATX,,,1.0,2449.0,https://brightstarcomp.com/collections/pc-components/products/msi-mpg-x870e-carbon-wifi-am5-atx-motherboard?_pos=148&_fid=457de5fe2&_ss=c,2025-03-18 22:07:34,
MSI,MPG Z790 Carbon,LGA1700,ATX,,,1.0,1599.0,https://brightstarcomp.com/collections/pc-components/products/msi-mpg-z790-carbon-wifi-lga1700-atx-motherboard?_pos=149&_fid=457de5fe2&_ss=c,2025-03-18 22:07:34,
MSI,MPG Z790 Edge Ti Max,LGA1700,ATX,,,1.0,1599.0,https://brightstarcomp.com/collections/pc-components/products/msi-mpg-z790-edge-ti-max-wifi-lga1700-atx-motherboard?_pos=150&_fid=457de5fe2&_ss=c,2025-03-18 22:07:34,
MSI,MPG Z890 Carbon,LGA1851,ATX,,,1.0,2599.0,https://brightstarcomp.com/collections/pc-components/products/msi-mpg-z890-carbon-wifi-lga1851-atx-motherboard?_pos=151&_fid=457de5fe2&_ss=c,2025-03-18 22:07:34,
MSI,MSI B460M PRO-VDH WIFI,LGA1200,Micro ATX,4.0,2.0,1.0,459.0,,,
MSI,MSI B550 Gaming Plus,AM4,ATX,4.0,2.0,0.0,580.0,,,
MSI,PRO A620M-E,AM5,Micro-ATX,,,,399.0,https://brightstarcomp.com/collections/pc-components/products/msi-pro-a620m-e-am5-micro-atx-motherboard?_pos=152&_fid=457de5fe2&_ss=c,2025-03-18 22:07:34,
MSI,PRO B650M-A,AM5,Micro-ATX,,,1.0,799.0,https://brightstarcomp.com/collections/pc-components/products/msi-pro-b650m-a-wifi-am5-micro-atx-motherboard?_pos=153&_fid=457de5fe2&_ss=c,2025-03-18 22:07:34,
MSI,PRO B760M-A,LGA1700,Micro-ATX,,,1.0,649.0,https://brightstarcomp.com/collections/pc-components/products/msi-pro-b760m-a-wifi-ddr4-lga1700-micro-atx-motherboard?_pos=154&_fid=457de5fe2&_ss=c,2025-03-18 22:07:34,DDR4
MSI,PRO B760M-A,LGA1700,Micro-ATX,,,1.0,729.0,https://brightstarcomp.com/collections/pc-components/products/msi-pro-b760m-a-wifi-lga1700-micro-atx-motherboard?_pos=155&_fid=457de5fe2&_ss=c,2025-03-18 22:07:34,
MSI,PRO B760M-E,LGA1700,Micro-ATX,,,,449.0,https://brightstarcomp.com/collections/pc-components/products/msi-pro-b760m-e-ddr4-lga1700-micro-atx-motherboard?_pos=156&_fid=457de5fe2&_ss=c,2025-03-18 22:07:34,DDR4
MSI,PRO B760M-E,LGA1700,Micro-ATX,,,,469.0,https://brightstarcomp.com/collections/pc-components/products/msi-pro-b760m-e-lga1700-micro-atx-motherboard?_pos=157&_fid=457de5fe2&_ss=c,2025-03-18 22:07:34,
MSI,PRO B860M-A,nan,,,,1.0,929.0,https://czone.my/czone/pro b860m-a wifi-1739103829.html,2025-03-19 14:21:21,DDR5
MSI,PRO H610M-E,LGA1700,Micro-ATX,,,,329.0,https://brightstarcomp.com/collections/pc-components/products/msi-pro-h610m-e-ddr4-lga1700-micro-atx-motherboard?_pos=158&_fid=457de5fe2&_ss=c,2025-03-18 22:07:34,DDR4
MSI,PRO X870-P,AM5,ATX,,,1.0,1549.0,https://brightstarcomp.com/collections/pc-components/products/msi-pro-x870-p-wifi-am5-atx-motherboard?_pos=159&_fid=457de5fe2&_ss=c,2025-03-18 22:07:34,
MSI,PRO Z690-A DDR4,LGA1700,ATX,4.0,2.0,1.0,1300.0,,,
MSI,PRO Z790-A Max,LGA1700,ATX,,,1.0,1299.0,https://brightstarcomp.com/collections/pc-components/products/msi-pro-z790-a-max-wifi-lga1700-atx-motherboard?_pos=160&_fid=457de5fe2&_ss=c,2025-03-18 22:07:34,
MSI,PRO Z890-A,LGA1851,ATX,,,1.0,1729.0,https://brightstarcomp.com/collections/pc-components/products/msi-pro-z890-a-wifi-lga1851-atx-motherboard?_pos=161&_fid=457de5fe2&_ss=c,2025-03-18 22:07:34,
MSI,PRO Z890-P,LGA1851,ATX,,,1.0,1369.0,https://brightstarcomp.com/collections/pc-components/products/msi-pro-z890-p-wifi-lga1851-atx-motherboard?_pos=162&_fid=457de5fe2&_ss=c,2025-03-18 22:07:34,
MSI,Pro A620M-E,nan,,,,,349.0,https://czone.my/czone/pro a620m-e-1739103827.html,2025-03-19 14:21:27,
MSI,Pro H610M-E,LGA1700,Micro ATX,2.0,1.0,0.0,299.0,,,
MSI,X870 Gaming Plus,nan,,,,1.0,1429.0,https://czone.my/czone/x870 gaming plus wifi-1739107215.html,2025-03-19 14:21:21,DDR5
MSI,X870 Tomahawk,nan,,,,1.0,1499.0,https://czone.my/czone/mag x870 tomahawk wifi-1737960306.html,2025-03-19 14:21:24,DDR5
MSI,X870-P,nan,,,,1.0,1399.0,https://czone.my/czone/pro x870-p wifi-1739103829.html,2025-03-19 14:21:24,DDR5
MSI,X870E Carbon,nan,,,,1.0,2299.0,https://czone.my/czone/mpg x870e carbon wifi-1739103704.html,2025-03-19 14:21:24,DDR5
MSI,X870E Edge Ti,nan,,,,1.0,1899.0,https://czone.my/czone/mpg x870e edge ti wifi-1741066205.html,2025-03-19 14:21:21,DDR5
MSI,X870E Tomahawk,nan,,,,1.0,1799.0,https://czone.my/czone/mag x870e tomahawk wifi-1739523611.html,2025-03-19 14:21:21,DDR5
MSI,Z790 PROJECT ZERO,LGA1700,ATX,,,,1399.0,https://brightstarcomp.com/collections/pc-components/products/msi-z790-project-zero-lga1700-atx-motherboard?_pos=163&_fid=457de5fe2&_ss=c,2025-03-18 22:07:34,
MSI,Z890 Tomahawk,nan,,,,1.0,1699.0,https://czone.my/czone/mag z890 tomahawk wifi-1739103634.html,2025-03-19 14:21:21,DDR5
NZXT,N7 Z790 Intel,LGA1700,ATX,,,,1459.0,https://brightstarcomp.com/collections/pc-components/products/nzxt-n7-z790-intel-lga1700-atx-motherboard?_pos=164&_fid=457de5fe2&_ss=c,2025-04-11 10:05:00,White
NZXT,N7 Z790 Intel,LGA1700,ATX,,,,1539.0,https://brightstarcomp.com/collections/pc-components/products/nzxt-n7-z790-intel-lga1700-atx-motherboard?_pos=164&_fid=457de5fe2&_ss=c,2025-04-11 10:05:00,Black
