Brand,Name,Socket,Size,DDR,RAM Slot,NVME Slot,SATA Slot,Wifi,Price,URL,Timestamp,Note
GIGABYTE,H610M K,LGA1700,MATX,DDR4,2,1,2,0,299,https://czone.my/czone/h610m k ddr4-1739103426.html,2025-03-19 14:21:27,
ASUS,PRIME X870-P WIFI-CSM,AM5,ATX,DDR5,4,4,2,1,1710,https://brightstarcomp.com/collections/pc-components/products/asus-prime-x870-p-wifi-csm-am5-atx-motherboard?_pos=48&_fid=5b876dc96&_ss=c,2025-03-18 22:07:27,CSM
ASUS,ROG STRIX X870-A GAMING WIFI,AM5,ATX,DDR5,4,4,2,1,2290,https://brightstarcomp.com/collections/pc-components/products/asus-rog-strix-x870-a-gaming-wifi-am5-atx-motherboard?_pos=65&_fid=5b876dc96&_ss=c,2025-03-18 22:07:28,
ASUS,ROG STRIX X870-F GAMING WIFI,AM5,ATX,DDR5,4,4,2,1,2470,https://brightstarcomp.com/collections/pc-components/products/asus-rog-strix-x870-f-gaming-wifi-am5-atx-motherboard?_pos=66&_fid=5b876dc96&_ss=c,2025-03-18 22:07:28,
ASUS,TUF GAMING X870-PLUS WIFI,AM5,ATX,DDR5,4,4,2,1,2010,https://brightstarcomp.com/collections/pc-components/products/asus-tuf-gaming-x870-plus-wifi-am5-atx-motherboard?_pos=80&_fid=5b876dc96&_ss=c,2025-03-18 22:07:30,
GIGABYTE,A520M K V2,AM4,MATX,DDR4,2,1,4,0,259,https://brightstarcomp.com/collections/pc-components/products/gigabyte-a520m-k-v2-am4-micro-atx-motherboard?_pos=87&_fid=5b876dc96&_ss=c,2025-03-18 22:07:30,
MSI,A520M-A Pro,AM4,MATX,DDR4,2,1,4,0,239,https://czone.my/czone/a520m-a pro-1739106873.html,2025-03-19 14:21:27,
MSI,A520M-A PRO,AM4,MATX,DDR4,2,1,4,0,249,https://brightstarcomp.com/collections/pc-components/products/msi-a520m-a-pro-am4-micro-atx-motherboard?_pos=127&_fid=5b876dc96&_ss=c,2025-03-18 22:07:32,
ASRock,A520M/ac WiFi,AM4,MATX,DDR4,2,1,4,1,299,https://brightstarcomp.com/collections/pc-components/products/asrock-a520m-ac-wifi-am4-micro-atx-motherboard?_pos=1&_fid=5b876dc96&_ss=c,2025-03-18 22:07:26,
MSI,B450M Pro-VDH Max,AM4,MATX,DDR4,4,1,4,0,309,https://brightstarcomp.com/collections/pc-components/products/msi-b450m-pro-vdh-max-am4-micro-atx-motherboard?_pos=128&_fid=5b876dc96&_ss=c,2025-03-18 22:07:32,
ASRock,B450M-HDV R4.0,AM4,MATX,DDR4,2,1,4,0,259,https://brightstarcomp.com/collections/pc-components/products/asrock-b450m-hdv-r4-0-am4-micro-atx-motherboard?_pos=4&_fid=5b876dc96&_ss=c,2025-03-18 22:07:26,
GIGABYTE,B550 AORUS Elite AX V2,AM4,ATX,DDR4,4,2,4,1,799,https://brightstarcomp.com/collections/pc-components/products/gigabyte-b550-aorus-elite-ax-v2-am4-atx-motherboard?_pos=90&_fid=5b876dc96&_ss=c,2025-03-18 22:07:30,
MSI,B550M-A Pro,AM4,MATX,DDR4,2,1,4,0,319,https://czone.my/czone/b550m-a pro-1739103144.html,2025-03-19 14:21:27,
ASRock,B550M-HDV,AM4,MATX,DDR4,2,1,4,0,309,https://czone.my/czone/b550m-hdv-1739103144.html,2025-03-19 14:21:27,
ASRock,B550M-HDV,AM4,MATX,DDR4,2,1,4,0,329,https://brightstarcomp.com/collections/pc-components/products/asrock-b550m-hdv-am4-micro-atx-motherboard?_pos=8&_fid=5b876dc96&_ss=c,2025-03-18 22:07:26,
GIGABYTE,B650 AORUS Elite AX ,AM5,ATX,DDR5,4,3,4,1,1099,https://brightstarcomp.com/collections/pc-components/products/gigabyte-b650-aorus-elite-ax-ice-am5-atx-motherboard?_pos=93&_fid=5b876dc96&_ss=c,2025-03-18 22:07:30,Ice
ASRock,B650 Steel Legend WiFi,AM5,ATX,DDR5,4,3,4,1,1049,https://brightstarcomp.com/collections/pc-components/products/asrock-b650-steel-legend-wifi-am5-atx-motherboard?_pos=10&_fid=5b876dc96&_ss=c,2025-03-18 22:07:26,
GIGABYTE,B760 AORUS Elite AX,LGA1700,ATX,DDR4,4,3,4,1,1059,https://brightstarcomp.com/collections/pc-components/products/gigabyte-b760-aorus-elite-ax-ddr4-lga1700-atx-motherboard?_pos=100&_fid=5b876dc96&_ss=c,2025-03-18 22:07:31,
GIGABYTE,B760 DS3H AX,LGA1700,ATX,DDR4,4,2,4,1,829,https://brightstarcomp.com/collections/pc-components/products/gigabyte-b760-ds3h-ax-lga1700-atx-motherboard?_pos=102&_fid=5b876dc96&_ss=c,2025-03-18 22:07:31,
ASRock,B760 Pro RS,LGA1700,ATX,DDR5,4,3,4,0,669,https://brightstarcomp.com/collections/pc-components/products/asrock-b760-pro-rs-lga1700-atx-motherboard?_pos=15&_fid=5b876dc96&_ss=c,2025-03-18 22:07:26,
ASRock,B760M PG Lightning/D4  ,LGA1700,MATX,DDR4,4,2,4,0,499,https://brightstarcomp.com/collections/pc-components/products/asrock-b760m-pg-lightning-d4-lga1700-m-atx-motherboard?_pos=17&_fid=5b876dc96&_ss=c,2025-03-18 22:07:26,
ASRock,H410M-H,LGA1200,MATX,DDR4,2,1,4,0,275,,,
GIGABYTE,H610M H,LGA1700,MATX,DDR4,2,1,4,0,319,https://czone.my/czone/h610m h v3 ddr4-4286.html,2025-03-19 14:21:24,
ASRock,Phantom Gaming X870 Riptide WiFi,AM5,ATX,DDR5,4,3,4,1,1499,https://brightstarcomp.com/collections/pc-components/products/asrock-phantom-gaming-x870-riptide-wifi-am5-atx-motherboard?_pos=31&_fid=5b876dc96&_ss=c,2025-03-18 22:07:27,
ASUS,PRIME A520M-K,AM4,MATX,DDR4,2,1,4,0,259,https://brightstarcomp.com/collections/pc-components/products/asus-prime-a520m-k-am4-micro-atx-motherboard?_pos=39&_fid=5b876dc96&_ss=c,2025-03-18 22:07:27,
ASUS,Prime H610M-K,LGA1700,MATX,DDR4,2,1,4,0,299,,,
ASUS,PRIME Z690-P WiFi D4,LGA1700,ATX,DDR4,4,3,4,1,1300,,,
ASUS,Prime Z790-P WIFI-CSM,LGA1700,ATX,DDR5,4,3,4,1,1299,https://brightstarcomp.com/collections/pc-components/products/asus-prime-z790-p-wifi-csm-lga1700-atx-motherboard?_pos=49&_fid=5b876dc96&_ss=c,2025-03-18 22:07:28,CSM
ASUS,Prime Z890-P WiFi CSM,LGA1851,ATX,DDR5,4,4,4,1,1550,https://brightstarcomp.com/collections/pc-components/products/asus-prime-z890-p-wifi-csm-lga1851-atx-motherboard?_pos=50&_fid=5b876dc96&_ss=c,2025-03-18 22:07:28,CSM
ASUS,ProArt B760-CREATOR,LGA1700,ATX,DDR5,4,3,4,0,1399,https://brightstarcomp.com/collections/pc-components/products/asus-proart-b760-creator-lga1700-atx-motherboard?_pos=51&_fid=5b876dc96&_ss=c,2025-03-18 22:07:28,
ASUS,ProArt X870E-CREATOR WIFI,AM5,ATX,DDR5,4,4,4,1,2690,https://brightstarcomp.com/collections/pc-components/products/asus-proart-x870e-creator-wifi-am5-atx-motherboard?_pos=52&_fid=5b876dc96&_ss=c,2025-03-18 22:07:28,
ASUS,ROG CROSSHAIR X870E HERO,AM5,ATX,DDR5,4,5,4,1,4080,https://brightstarcomp.com/collections/pc-components/products/asus-rog-crosshair-x870e-hero-am5-atx-motherboard?_pos=53&_fid=5b876dc96&_ss=c,2025-03-18 22:07:28,
ASUS,ROG Maximus Z790 Hero BTF,LGA1700,ATX,DDR5,4,5,4,1,2999,https://brightstarcomp.com/collections/pc-components/products/asus-rog-maximus-z790-hero-btf-lga1700-atx-motherboard?_pos=54&_fid=5b876dc96&_ss=c,2025-03-18 22:07:28,
ASUS,ROG Maximus Z890 Apex,LGA1851,ATX,DDR5,2,6,4,1,3600,https://brightstarcomp.com/collections/pc-components/products/asus-rog-maximus-z890-apex-lga1851-atx-motherboard?_pos=55&_fid=5b876dc96&_ss=c,2025-03-18 22:07:28,
ASUS,ROG Maximus Z890 Extreme,LGA1851,ATX,DDR5,4,6,4,1,5200,https://brightstarcomp.com/collections/pc-components/products/asus-rog-maximus-z890-extreme-lga1851-atx-motherboard?_pos=56&_fid=5b876dc96&_ss=c,2025-03-18 22:07:28,
ASUS,ROG Maximus Z890 Hero,LGA1851,ATX,DDR5,4,6,4,1,3650,https://brightstarcomp.com/collections/pc-components/products/asus-rog-maximus-z890-hero-lga1851-atx-motherboard?_pos=57&_fid=5b876dc96&_ss=c,2025-03-18 22:07:28,
ASUS,ROG Strix B650-A Gaming WIFI,AM5,ATX,DDR5,4,3,4,1,1519,https://brightstarcomp.com/collections/pc-components/products/asus-rog-strix-b650-a-gaming-wifi-am5-atx-motherboard?_pos=58&_fid=5b876dc96&_ss=c,2025-03-18 22:07:28,
ASUS,ROG Strix B660-F Gaming WIFI,LGA1700,ATX,DDR5,4,3,4,1,849,https://brightstarcomp.com/collections/pc-components/products/asus-rog-strix-b660-f-gaming-wifi-lga1700-atx-motherboard?_pos=60&_fid=5b876dc96&_ss=c,2025-03-18 22:07:28,
ASUS,ROG Strix B760-A Gaming WIFI,LGA1700,ATX,DDR5,4,3,4,1,1199,https://brightstarcomp.com/collections/pc-components/products/asus-rog-strix-b760-a-gaming-wifi-lga1700-atx-motherboard?_pos=62&_fid=5b876dc96&_ss=c,2025-03-18 22:07:28,
ASUS,ROG Strix B760-F Gaming WIFI,LGA1700,ATX,DDR5,4,3,4,1,1399,https://brightstarcomp.com/collections/pc-components/products/asus-rog-strix-b760-f-gaming-wifi-lga1700-atx-motherboard?_pos=63&_fid=5b876dc96&_ss=c,2025-03-18 22:07:28,
ASUS,ROG Strix X870E-E Gaming WiFi,AM5,ATX,DDR5,4,5,4,1,2870,https://brightstarcomp.com/collections/pc-components/products/asus-rog-strix-x870e-e-gaming-wifi-am5-atx-motherboard?_pos=67&_fid=5b876dc96&_ss=c,2025-03-18 22:07:28,
ASUS,ROG Strix Z790-A Gaming WIFI II,LGA1700,ATX,DDR5,4,5,4,1,1999,https://brightstarcomp.com/collections/pc-components/products/asus-rog-strix-z790-a-gaming-wifi-ii-lga1700-atx-motherboard?_pos=69&_fid=5b876dc96&_ss=c,2025-03-18 22:07:28,
ASUS,ROG Strix Z790-F Gaming WIFI II,LGA1700,ATX,DDR5,4,5,4,1,1999,https://brightstarcomp.com/collections/pc-components/products/asus-rog-strix-z790-f-gaming-wifi-ii-lga1700-atx-motherboard?_pos=70&_fid=5b876dc96&_ss=c,2025-03-18 22:07:28,
ASUS,ROG Strix Z890-A Gaming WiFi,LGA1851,ATX,DDR5,4,5,4,1,2200,https://brightstarcomp.com/collections/pc-components/products/asus-rog-strix-z890-a-gaming-wifi-lga1851-atx-motherboard?_pos=72&_fid=5b876dc96&_ss=c,2025-03-18 22:07:28,
ASUS,ROG Strix Z890-E Gaming WiFi,LGA1851,ATX,DDR5,4,7,4,1,3250,https://brightstarcomp.com/collections/pc-components/products/asus-rog-strix-z890-e-gaming-wifi-lga1851-atx-motherboard?_pos=73&_fid=5b876dc96&_ss=c,2025-03-18 22:07:30,
ASUS,ROG Strix Z890-F Gaming WiFi,LGA1851,ATX,DDR5,4,5,4,1,2250,https://brightstarcomp.com/collections/pc-components/products/asus-rog-strix-z890-f-gaming-wifi-lga1851-atx-motherboard?_pos=74&_fid=5b876dc96&_ss=c,2025-03-18 22:07:30,
ASUS,TUF Gaming Z890-Pro WiFi,LGA1851,ATX,DDR5,4,4,4,1,1750,https://brightstarcomp.com/collections/pc-components/products/asus-tuf-gaming-z890-pro-wifi-lga1851-atx-motherboard?_pos=81&_fid=5b876dc96&_ss=c,2025-03-18 22:07:30,
GIGABYTE,X870 AORUS Elite WiFi7,AM5,ATX,DDR5,4,4,4,1,1599,https://brightstarcomp.com/collections/pc-components/products/gigabyte-x870-aorus-elite-wifi7-am5-atx-motherboard?_pos=115&_fid=5b876dc96&_ss=c,2025-03-18 22:07:31,Black
GIGABYTE,X870 AORUS Elite WiFi7,AM5,ATX,DDR5,4,4,4,1,1659,https://brightstarcomp.com/collections/pc-components/products/gigabyte-x870-aorus-elite-wifi7-am5-atx-motherboard?_pos=115&_fid=5b876dc96&_ss=c,2025-03-18 22:07:31,White
GIGABYTE,X870 Gaming X WiFi7,AM5,ATX,DDR5,4,3,4,1,1329,https://brightstarcomp.com/collections/pc-components/products/gigabyte-x870-gaming-x-wifi7-am5-atx-motherboard?_pos=116&_fid=5b876dc96&_ss=c,2025-03-18 22:07:31,
ASRock,X870 Pro RS WiFi,AM5,ATX,DDR5,4,3,4,1,1209,https://brightstarcomp.com/collections/pc-components/products/asrock-x870-pro-rs-wifi-am5-atx-motherboard?_pos=32&_fid=5b876dc96&_ss=c,2025-03-18 22:07:27,
ASRock,X870 Steel Legend WiFi,AM5,ATX,DDR5,4,3,4,1,1379,https://brightstarcomp.com/collections/pc-components/products/asrock-x870-steel-legend-wifi-am5-atx-motherboard?_pos=33&_fid=5b876dc96&_ss=c,2025-03-18 22:07:27,
GIGABYTE,X870E AORUS Elite WiFi7,AM5,ATX,DDR5,4,4,4,1,1799,https://brightstarcomp.com/collections/pc-components/products/gigabyte-x870e-aorus-elite-wifi7-am5-atx-motherboard?_pos=117&_fid=5b876dc96&_ss=c,2025-03-18 22:07:31,
GIGABYTE,X870E AORUS Master WIFI,AM5,ATX,DDR5,4,4,4,1,2799,https://brightstarcomp.com/collections/pc-components/products/gigabyte-x870e-aorus-master-wifi-am5-atx-motherboard?_pos=118&_fid=5b876dc96&_ss=c,2025-03-18 22:07:31,
GIGABYTE,Z790 Aero G,LGA1700,ATX,DDR5,4,5,4,1,1799,https://brightstarcomp.com/collections/pc-components/products/gigabyte-z790-aero-g-lga1700-atx-motherboard?_pos=119&_fid=5b876dc96&_ss=c,2025-03-18 22:07:31,
GIGABYTE,Z890 Aero G,LGA1851,ATX,DDR5,4,5,4,1,1799,https://brightstarcomp.com/collections/pc-components/products/gigabyte-z890-aero-g-lga1851-atx-motherboard?_pos=121&_fid=5b876dc96&_ss=c,2025-03-18 22:07:32,
GIGABYTE,Z890 AORUS Elite WiFi7,LGA1851,ATX,DDR5,4,4,4,1,1499,https://brightstarcomp.com/collections/pc-components/products/gigabyte-z890-aorus-elite-wifi7-lga1851-atx-motherboard?_pos=122&_fid=5b876dc96&_ss=c,2025-03-18 22:07:32,Black
GIGABYTE,Z890 AORUS Elite WiFi7,LGA1851,ATX,DDR5,4,4,4,1,1559,https://brightstarcomp.com/collections/pc-components/products/gigabyte-z890-aorus-elite-wifi7-lga1851-atx-motherboard?_pos=122&_fid=5b876dc96&_ss=c,2025-03-18 22:07:32,Ice
GIGABYTE,Z890 AORUS Elite X Ice,LGA1851,ATX,DDR5,4,5,4,1,1759,https://brightstarcomp.com/collections/pc-components/products/gigabyte-z890-aorus-elite-x-ice-lga1851-atx-motherboard?_pos=123&_fid=5b876dc96&_ss=c,2025-03-18 22:07:32,
GIGABYTE,Z890 AORUS Pro Ice,LGA1851,ATX,DDR5,4,5,4,1,2299,https://brightstarcomp.com/collections/pc-components/products/gigabyte-z890-aorus-pro-ice-lga1851-atx-motherboard?_pos=124&_fid=5b876dc96&_ss=c,2025-03-18 22:07:32,
ASRock,Z890 Pro RS WiFi,LGA1851,ATX,DDR5,4,4,4,1,1329,https://brightstarcomp.com/collections/pc-components/products/asrock-z890-pro-rs-wifi-lga1851-atx-motherboard?_pos=36&_fid=5b876dc96&_ss=c,2025-03-18 22:07:27,Black
ASRock,Z890 Pro RS WiFi,LGA1851,ATX,DDR5,4,4,4,1,1349,https://brightstarcomp.com/collections/pc-components/products/asrock-z890-pro-rs-wifi-lga1851-atx-motherboard?_pos=36&_fid=5b876dc96&_ss=c,2025-03-18 22:07:27,White
ASRock,Z890 Pro-A Wifi,LGA1851,ATX,DDR5,4,4,4,1,1169,https://brightstarcomp.com/collections/pc-components/products/asrock-z890-pro-a-wifi-lga1851-atx-motherboard?_pos=37&_fid=5b876dc96&_ss=c,2025-03-18 22:07:27,
ASRock,Z890 Steel Legend WiFi,LGA1851,ATX,DDR5,4,4,4,1,1419,https://brightstarcomp.com/collections/pc-components/products/asrock-z890-steel-legend-wifi-lga1851-atx-motherboard?_pos=38&_fid=5b876dc96&_ss=c,2025-03-18 22:07:27,
MSI,MEG Z790 GODLIKE MAX,LGA1700,E-ATX,DDR5,4,7,6,1,4999,https://brightstarcomp.com/collections/pc-components/products/msi-meg-z790-godlike-max-lga1700-e-atx-motherboard?_pos=142&_fid=5b876dc96&_ss=c,2025-03-18 22:07:32,
ASUS,TUF Gaming B550-PLUS WiFi II,AM4,ATX,DDR4,4,2,6,1,570,,,
ASUS,TUF Gaming H570-PRO WiFi,LGA1200,ATX,DDR4,4,3,6,1,963,,,
ASRock,X870E TAICHI,AM5,ATX,DDR5,4,4,6,1,2399,https://brightstarcomp.com/collections/pc-components/products/asrock-x870e-taichi-am5-atx-motherboard?_pos=34&_fid=5b876dc96&_ss=c,2025-03-18 22:07:27,
GIGABYTE,Z690 UD,LGA1700,ATX,DDR4,4,3,6,0,890,https://shopee.com.my/product/59277182/13046054986?gads_t_sig=VTJGc2RHVmtYMTlxTFVSVVRrdENkWVp3RFo3Mkw5czd4Z0hzdEF1WVFia0ppREZMZytXMWdoT040bXJSLzZ6cllYNVQ1S1N0Y1QyZWRiMFJ3UjNOamRxeTJxOXRNRUJPV3QrUVFEQk01S0hHM1lsaUZGOE4yOVFRMjZ1eVJmTVI,2025-04-14 14:08:00,
GIGABYTE,Z790 Aorus Elite X WIFI 7 ,LGA1700,ATX,DDR5,4,4,6,1,1399,https://brightstarcomp.com/collections/pc-components/products/gigabyte-z790-aorus-elite-x-wifi-7-intel-lga1700-socket-ddr5-atx-motherboard?_pos=120&_fid=5b876dc96&_ss=c,2025-03-18 22:07:31,
ASRock,PG Z790 RIPTIDE WIFI,LGA1700,ATX,DDR5,4,5,8,1,1099,https://brightstarcomp.com/collections/pc-components/products/asrock-pg-z790-riptide-wifi-lga1700-atx-motherboard?_pos=28&_fid=5b876dc96&_ss=c,2025-03-18 22:07:27,
ASUS,TUF GAMING X570-PLUS,LGA1200,ATX,DDR4,4,2,8,0,953,,,
GIGABYTE,A520I AC,AM4,ITX,DDR4,2,1,4,1,500,,,
GIGABYTE,A620I AX (rev 1.0),AM5,ITX,DDR5,2,1,2,1,819,https://brightstarcomp.com/collections/pc-components/products/gigabyte-a620i-ax-rev-1-0-am5-mini-itx-motherboard?_pos=88&_fid=5b876dc96&_ss=c,2025-03-18 22:07:30,
GIGABYTE,A620M H,AM5,MATX,DDR5,2,1,4,0,329,https://czone.my/czone/a620m h-1739106874.html,2025-03-19 14:21:21,
GIGABYTE,A620M H (rev 1.0),AM5,MATX,DDR5,2,1,4,0,369,https://brightstarcomp.com/collections/pc-components/products/gigabyte-a620m-h-rev-1-0-am5-micro-atx-motherboard?_pos=89&_fid=5b876dc96&_ss=c,2025-03-18 22:07:30,
ASRock,A620M-HDV/M.2 ,AM5,MATX,DDR5,2,1,4,0,369,https://brightstarcomp.com/collections/pc-components/products/asrock-a620m-hdv-m-2-amd-am5-matx-motherboard?_pos=2&_fid=5b876dc96&_ss=c,2025-03-18 22:07:26,
GIGABYTE,B450M DS3H WiFi,AM4,MATX,DDR4,4,1,4,1,429,,,
ASRock,B450M Steel Legend,AM4,MATX,DDR4,4,2,4,0,399,https://brightstarcomp.com/collections/pc-components/products/asrock-b450m-steel-legend-am4-micro-atx-motherboard?_pos=3&_fid=5b876dc96&_ss=c,2025-03-18 22:07:26,
GIGABYTE,B550 Aorus Elite AX V2,AM4,ATX,DDR4,4,2,4,1,749,https://czone.my/czone/b550 aorus elite ax v2-1739103142.html,2025-03-19 14:21:27,
MSI,B550 Gaming Plus,AM4,ATX,DDR4,4,2,6,0,549,https://czone.my/czone/mpg b550 gaming plus-1739103703.html,2025-03-19 14:21:27,
MSI,B550 Tomahawk Max WiFi,AM4,ATX,DDR4,4,2,6,1,799,https://czone.my/czone/mag b550 tomahawk max wifi-1739103632.html,2025-03-19 14:21:27,
GIGABYTE,B550I AORUS Pro AX 1.0,AM4,ITX,DDR4,2,2,4,1,899,https://brightstarcomp.com/collections/pc-components/products/gigabyte-b550i-aorus-pro-ax-1-0-am4-mini-itx-motherboard?_pos=91&_fid=5b876dc96&_ss=c,2025-03-18 22:07:30,
GIGABYTE,B550M DS3H AC,AM4,MATX,DDR4,4,2,4,1,459,https://brightstarcomp.com/collections/pc-components/products/gigabyte-b550m-ds3h-ac-am4-micro-atx-motherboard?_pos=92&_fid=5b876dc96&_ss=c,2025-03-18 22:07:30,
GIGABYTE,B550M DS3H AC,AM4,MATX,DDR4,4,2,4,1,479,https://czone.my/czone/b550m ds3h ac-1739103143.html,2025-03-19 14:21:27,
GIGABYTE,B550M K,AM4,MATX,DDR4,4,2,4,0,389,https://czone.my/czone/b550m k-1739103143.html,2025-03-19 14:21:27,
MSI,B550M Mortar Max Wifi,AM4,MATX,DDR4,4,2,6,1,599,https://czone.my/czone/mag b550m mortar max wifi-4960.html,2025-03-19 14:21:27,
ASRock,B550M Pro SE,AM4,MATX,DDR4,4,2,4,0,429,https://brightstarcomp.com/collections/pc-components/products/asrock-b550m-pro-se-am4-micro-atx-motherboard?_pos=5&_fid=5b876dc96&_ss=c,2025-03-18 22:07:26,
MSI,B550M Pro-VDH WiFi,AM4,MATX,DDR4,4,2,4,1,459,https://czone.my/czone/b550m pro-vdh wifi-1739103143.html,2025-03-19 14:21:27,
MSI,B550M PRO-VDH WIFI,AM4,MATX,DDR4,4,2,4,1,499,https://brightstarcomp.com/collections/pc-components/products/msi-b550m-pro-vdh-wifi-am4-micro-atx-motherboard?_pos=129&_fid=5b876dc96&_ss=c,2025-03-18 22:07:32,
ASRock,B550M Steel Legend,AM4,MATX,DDR4,4,2,6,0,559,https://brightstarcomp.com/collections/pc-components/products/asrock-b550m-steel-legend-am4-micro-atx-motherboard?_pos=6&_fid=5b876dc96&_ss=c,2025-03-18 22:07:26,
ASRock,B550M WiFi SE,AM4,MATX,DDR4,4,1,4,1,419,https://czone.my/czone/b550m wifi se-1739103144.html,2025-03-19 14:21:24,
ASRock,B550M WiFi SE,AM4,MATX,DDR4,4,1,4,1,469,https://brightstarcomp.com/collections/pc-components/products/asrock-b550m-wifi-se-am4-micro-atx-motherboard?_pos=7&_fid=5b876dc96&_ss=c,2025-03-18 22:07:26,
MSI,B550M-A PRO,AM4,MATX,DDR4,2,1,4,0,349,https://brightstarcomp.com/collections/pc-components/products/msi-b550m-a-pro-am4-micro-atx-motherboard?_pos=130&_fid=5b876dc96&_ss=c,2025-03-18 22:07:32,
ASRock,B550M-ITX/ac,AM4,ITX,DDR4,2,1,4,1,659,https://brightstarcomp.com/collections/pc-components/products/asrock-b550m-itx-ac-am4-mini-itx-motherboard?_pos=9&_fid=5b876dc96&_ss=c,2025-03-18 22:07:26,
GIGABYTE,B650 Eagle AX,AM5,ATX,DDR5,4,3,4,1,849,https://czone.my/czone/b650 eagle ax-1739103145.html,2025-03-19 14:21:24,DNR
MSI,B650 Gaming Plus WiFi,AM5,ATX,DDR5,4,2,4,1,799,https://czone.my/czone/b650 gaming plus wifi-1739103145.html,2025-03-19 14:21:21,
GIGABYTE,B650I AX,AM5,ITX,DDR5,2,1,2,1,949,https://brightstarcomp.com/collections/pc-components/products/gigabyte-b650i-ax-am5-mini-itx-motherboard?_pos=94&_fid=5b876dc96&_ss=c,2025-03-18 22:07:30,
GIGABYTE,B650I AX ,AM5,ITX,DDR5,2,1,2,1,899,https://czone.my/czone/b650i ax-1739103145.html,2025-03-19 14:21:24,
MSI,B650I Edge WiFi,AM5,ITX,DDR5,2,2,4,1,999,https://czone.my/czone/mpg b650i edge wifi-1739103703.html,2025-03-19 14:21:27,
ASRock,B650I Lightning WiFi,AM5,ITX,DDR5,2,2,2,1,969,https://brightstarcomp.com/collections/pc-components/products/asrock-b650i-lightning-wifi-am5-mini-itx-motherboard?_pos=11&_fid=5b876dc96&_ss=c,2025-03-18 22:07:26,
GIGABYTE,B650M AORUS Elite AX ICE,AM5,MATX,DDR5,4,2,4,1,1099,https://brightstarcomp.com/collections/pc-components/products/gigabyte-b650m-aorus-elite-ax-ice-am5-micro-atx-motherboard?_pos=95&_fid=5b876dc96&_ss=c,2025-03-18 22:07:30,DNR
GIGABYTE,B650M Aorus Elite AX ICE,AM5,MATX,DDR5,4,2,4,1,1099,https://czone.my/czone/b650m a elite ax ice-1739103145.html,2025-03-19 14:21:24,DNR
GIGABYTE,B650M D3HP AX  ,AM5,MATX,DDR5,4,2,4,1,789,https://czone.my/czone/b650m d3hp ax-1739103146.html,2025-03-19 14:21:24,DNR
GIGABYTE,B650M D3HP AX ,AM5,MATX,DDR5,4,2,4,1,839,https://brightstarcomp.com/collections/pc-components/products/gigabyte-b650m-d3hp-ax-ddr5-amd-am5-matx-motherboard?_pos=96&_fid=5b876dc96&_ss=c,2025-03-18 22:07:30,DNR
GIGABYTE,B650M Gaming Plus WIFI,AM5,MATX,DDR5,4,2,4,1,699,https://brightstarcomp.com/collections/pc-components/products/gigabyte-b650m-gaming-plus-wifi-am5-micro-atx-motherboard?_pos=97&_fid=5b876dc96&_ss=c,2025-03-18 22:07:31,
GIGABYTE,B650M Gaming Plus WiFi,AM5,MATX,DDR5,4,2,4,1,699,https://czone.my/czone/b650m gaming plus wf-1739103146.html,2025-03-19 14:21:24,
MSI,B650M Gaming Plus WiFi,AM5,MATX,DDR5,4,2,4,1,699,https://czone.my/czone/b650m gaming plus wifi-1739103146.html,2025-03-19 14:21:24,
MSI,B650M Gaming Plus WIFI,AM5,MATX,DDR5,4,2,4,1,799,https://brightstarcomp.com/collections/pc-components/products/msi-b650m-gaming-plus-wifi-am5-micro-atx-motherboard?_pos=131&_fid=5b876dc96&_ss=c,2025-03-18 22:07:32,
GIGABYTE,B650M Gaming WiFi,AM5,MATX,DDR5,2,1,4,1,599,https://czone.my/czone/b650m gaming wifi-1739105115.html,2025-03-19 14:21:24,
MSI,B650M Gaming WiFi,AM5,MATX,DDR5,2,2,4,1,599,https://czone.my/czone/msi b650m gaming wifi-5661.html,2025-03-19 14:21:24,
MSI,B650M Gaming WIFI,AM5,MATX,DDR5,2,2,4,1,659,https://brightstarcomp.com/collections/pc-components/products/msi-b650m-gaming-wifi-am5-micro-atx-motherboard?_pos=132&_fid=5b876dc96&_ss=c,2025-03-18 22:07:32,
GIGABYTE,B650M Gaming WIFI (rev 1.0),AM5,MATX,DDR5,2,1,4,1,609,https://brightstarcomp.com/collections/pc-components/products/gigabyte-b650m-gaming-wifi-rev-1-0-am5-micro-atx-motherboard?_pos=98&_fid=5b876dc96&_ss=c,2025-03-18 22:07:31,
GIGABYTE,B660M Gaming X AX,LGA1700,MATX,DDR4,4,2,4,1,929,https://czone.my/czone/b650m gaming x ax-1739103147.html,2025-03-19 14:21:27,DNR
GIGABYTE,B650M Gaming X AX (rev 1.0),AM5,MATX,DDR5,4,2,4,1,1049,https://brightstarcomp.com/collections/pc-components/products/gigabyte-b650m-gaming-x-ax-rev-1-0-am5-micro-atx-motherboard?_pos=99&_fid=5b876dc96&_ss=c,2025-03-18 22:07:31,DNR
ASRock,B650M PG Lightning WiFi,AM5,MATX,DDR5,4,3,4,1,599,https://czone.my/czone/b650m pg lighting wifi-1739103147.html,2025-03-19 14:21:21,
ASRock,B650M PG Lightning WiFi,AM5,MATX,DDR5,4,3,4,1,669,https://brightstarcomp.com/collections/pc-components/products/asrock-b650m-pg-lightning-wifi-am5-micro-atx-motherboard?_pos=12&_fid=5b876dc96&_ss=c,2025-03-18 22:07:26,
ASRock,B650M Pro RS WiFi,AM5,MATX,DDR5,4,3,4,1,779,https://brightstarcomp.com/collections/pc-components/products/asrock-b650m-pro-rs-wifi-am5-micro-atx-motherboard?_pos=13&_fid=5b876dc96&_ss=c,2025-03-18 22:07:26,
MSI,B650M-A WiFi,AM5,MATX,DDR5,4,2,4,1,799,https://czone.my/czone/pro b650m-a wifi-1739103827.html,2025-03-19 14:21:27,
ASUS,B650M-AYW WiFi,AM5,MATX,DDR5,2,2,4,1,599,https://czone.my/czone/b650m-ayw wifi-1739854802.html,2025-03-19 14:21:21,
ASRock,B650M-H/M.2 WiFi,AM5,MATX,DDR5,2,2,4,1,539,https://czone.my/czone/b650m-h/m.2+wifi-1739103147.html,2025-03-19 14:21:21,
ASRock,B650M-H/M.2+,AM5,MATX,DDR5,2,2,4,0,539,https://brightstarcomp.com/collections/pc-components/products/asrock-b650m-h-m-2-am5-micro-atx-motherboard?_pos=14&_fid=5b876dc96&_ss=c,2025-03-18 22:07:26,
ASRock,B660M-HDV ,LGA1700,MATX,DDR4,2,2,4,0,399,https://czone.my/czone/b660m-hdv-1739103147.html,2025-03-19 14:21:27,DNR
GIGABYTE,B760 Aorus Elite AX,LGA1700,ATX,DDR5,4,3,4,1,949,https://czone.my/czone/b760 aorus elite ax-1739103148.html,2025-03-19 14:21:24,
MSI,B760 Gaming Plus WIFI,LGA1700,ATX,DDR5,4,2,4,1,829,https://brightstarcomp.com/collections/pc-components/products/msi-b760-gaming-plus-wifi-atx-motherboard?_pos=133&_fid=5b876dc96&_ss=c,2025-03-18 22:07:32,
MSI,B760 Gaming Plus WiFi,LGA1700,ATX,DDR5,4,2,4,1,849,https://czone.my/czone/b760 gaming plus wifi-1739103148.html,2025-03-19 14:21:27,
MSI,B760 Tomahawk WiFi,LGA1700,ATX,DDR5,4,3,4,1,1099,https://czone.my/czone/mag b760 tomahawk wifi-1739103632.html,2025-03-19 14:21:27,
MSI,B760I EDGE WiFi,LGA1700,ITX,DDR5,2,2,4,1,969,https://czone.my/czone/mpg b760i edge wifi-1739103703.html,2025-03-19 14:21:24,DNR
GIGABYTE,B760M Aorus Elite AX,LGA1700,MATX,DDR4,4,2,4,1,749,https://czone.my/czone/b760m a elite ax ddr4-1739103149.html,2025-03-19 14:21:27,
GIGABYTE,B760M AORUS Elite AX,LGA1700,MATX,DDR4,4,2,4,1,779,https://brightstarcomp.com/collections/pc-components/products/gigabyte-b760m-aorus-elite-ax-ddr4-lga1700-micro-atx-motherboard?_pos=103&_fid=5b876dc96&_ss=c,2025-03-18 22:07:31,
GIGABYTE,B760M AORUS Elite AX  (rev 1.0),LGA1700,MATX,DDR5,4,2,4,1,829,https://brightstarcomp.com/collections/pc-components/products/gigabyte-b760m-aorus-elite-ax-ddr5-rev-1-0-lga1700-micro-atx-motherboard?_pos=104&_fid=5b876dc96&_ss=c,2025-03-18 22:07:31,
GIGABYTE,B760M DS3H AX,LGA1700,MATX,DDR4,4,2,4,1,599,https://czone.my/czone/b760m ds3h ax ddr4-1739103149.html,2025-03-19 14:21:27,
GIGABYTE,B760M DS3H AX,LGA1700,MATX,DDR4,4,2,4,1,609,https://brightstarcomp.com/collections/pc-components/products/gigabyte-b760m-ds3h-ax-ddr4-lga1700-micro-atx-motherboard?_pos=106&_fid=5b876dc96&_ss=c,2025-03-18 22:07:31,
GIGABYTE,B760M DS3H AX,LGA1700,MATX,DDR4,4,2,4,1,699,https://brightstarcomp.com/collections/pc-components/products/gigabyte-b760m-ds3h-ax-ddr4-intel-lga1700-matx-motherboard?_pos=105&_fid=5b876dc96&_ss=c,2025-03-18 22:07:31,dupe(?)
GIGABYTE,B760M DS3H AX,LGA1700,MATX,DDR5,4,2,4,1,649,https://czone.my/czone/b760m ds3h ax-1739103149.html,2025-03-19 14:21:24,
GIGABYTE,B760M E  Intel,LGA1700,MATX,DDR5,,,,,459,https://brightstarcomp.com/collections/pc-components/products/gigabyte-b760m-e-ddr5-intel-lga1700-matx-motherboard?_pos=107&_fid=5b876dc96&_ss=c,2025-03-18 22:07:31,
MSI,B760M EDGE Ti WiFi   - DNR,nan,,DDR5,,,,1,1129,https://czone.my/czone/mpg b760m edge ti wifi-1739103704.html,2025-03-19 14:21:24,
MSI,B760M Gaming Plus WiFi,nan,,DDR4,,,,1,679,https://czone.my/czone/b760m gaming plus wifi ddr4-1739103150.html,2025-03-19 14:21:21,
MSI,B760M Gaming Plus WiFi,nan,,DDR5,,,,1,779,https://czone.my/czone/b760m gaming plus wifi-1739103149.html,2025-03-19 14:21:24,
GIGABYTE,B760M Gaming WIFI Plus,LGA1700,MATX,,,,,1,669,https://brightstarcomp.com/collections/pc-components/products/gigabyte-b760m-gaming-wifi-plus-lga1700-micro-atx-motherboard?_pos=108&_fid=5b876dc96&_ss=c,2025-03-18 22:07:31,
GIGABYTE,B760M Gaming X AX,LGA1700,MATX,DDR4,,,,,799,https://brightstarcomp.com/collections/pc-components/products/gigabyte-b760m-gaming-x-ax-ddr4-lga1700-micro-atx-motherboard?_pos=109&_fid=5b876dc96&_ss=c,2025-03-18 22:07:31,
GIGABYTE,B760M H,nan,,DDR4,,,,,439,https://czone.my/czone/b760m h ddr4-1739103150.html,2025-03-19 14:21:27,
GIGABYTE,B760M H  Intel  Socket Moterboard,LGA1700,,DDR4,,,,,419,https://brightstarcomp.com/collections/pc-components/products/gigabyte-b760m-h-ddr4-intel-lga1700-socket-moterboard?_pos=110&_fid=5b876dc96&_ss=c,2025-03-18 22:07:31,
MSI,B760M Mortar WiFi,nan,,DDR5,,,,1,949,https://czone.my/czone/mag b760m mortar wifi-1739103632.html,2025-03-19 14:21:27,
MSI,B760M Mortar WiFi II,nan,,DDR5,,,,1,949,https://czone.my/czone/mag b760m mortar wifi ii-1739103633.html,2025-03-19 14:21:24,
ASRock,B760M PG Lightning,nan,,DDR4,,,,,549,https://czone.my/czone/b760m pg lightning/d4-1739103150.html,2025-03-19 14:21:27,
ASRock,B760M PG Riptide WiFi,LGA1700,MATX,,,,,1,809,https://brightstarcomp.com/collections/pc-components/products/asrock-b760m-pg-riptide-wifi-lga1700-micro-atx-motherboard?_pos=18&_fid=5b876dc96&_ss=c,2025-03-18 22:07:26,
ASRock,B760M PG SONIC WiFi   - DNR,nan,,DDR5,,,,1,829,https://czone.my/czone/b760m pg sonic wifi-1739103151.html,2025-03-19 14:21:27,
ASRock,B760M Pro-A WiFi,LGA1700,MATX,,,,,1,679,https://brightstarcomp.com/collections/pc-components/products/asrock-b760m-pro-a-wifi-lga1700-micro-atx-motherboard?_pos=19&_fid=5b876dc96&_ss=c,2025-03-18 22:07:26,
ASRock,B760M Pro-A/D4 WIFI,LGA1700,MATX,,,,,1,559,https://brightstarcomp.com/collections/pc-components/products/asrock-b760m-pro-a-d4-wifi-lga1700-micro-atx-motherboard?_pos=20&_fid=5b876dc96&_ss=c,2025-03-18 22:07:26,
MSI,B760M Project Zero   - DNR,nan,,DDR5,,,,,949,https://czone.my/czone/b760m project zero-1739103151.html,2025-03-19 14:21:24,
ASRock,B760M Steel Legend WiFi   - DNR,nan,,DDR5,,,,1,729,https://czone.my/czone/b760m steel legend wifi-1739103151.html,2025-03-19 14:21:27,
ASRock,B760M Steel Legend WIFI  Intel,LGA1700,MATX,DDR5,,,,1,849,https://brightstarcomp.com/collections/pc-components/products/asrock-b760m-steel-legend-wifi-ddr5-intel-lga1700-matx-motherboard?_pos=21&_fid=5b876dc96&_ss=c,2025-03-18 22:07:26,
MSI,B760M-A WiFi,LGA1700,MATX,DDR4,4,2,,1,699,https://czone.my/czone/pro b760m-a wifi ddr4-1739103828.html,2025-03-19 14:21:27,
ASRock,B760M-HDV/M.2,nan,,DDR5,,,,,489,https://czone.my/czone/b760m-hdv/m.2-1739103152.html,2025-03-19 14:21:24,
ASRock,B760M-HDV/M.2  Intel,LGA1700,MATX,DDR5,,,,,499,https://brightstarcomp.com/collections/pc-components/products/asrock-b760m-hdv-m-2-ddr5-intel-lga1700-matx-motherboard?_pos=23&_fid=5b876dc96&_ss=c,2025-03-18 22:07:26,
ASRock,B760M-HDV/M.2 D4,LGA1700,MATX,,,,,,379,https://brightstarcomp.com/collections/pc-components/products/asrock-b760m-hdv-m-2-d4-lga1700-micro-atx-motherboard?_pos=22&_fid=5b876dc96&_ss=c,2025-03-18 22:07:26,
ASRock,B760M-ITX/D4 WiFi,LGA1700,ITX,,2,1,,1,559,https://brightstarcomp.com/collections/pc-components/products/asrock-b760m-itx-d4-wifi-lga1700-mini-itx-motherboard?_pos=24&_fid=5b876dc96&_ss=c,2025-03-18 22:07:26,
MSI,B840-P WiFi,nan,,DDR5,,,,1,779,https://czone.my/czone/pro b840-p wifi-1739103828.html,2025-03-19 14:21:21,
GIGABYTE,B850 Aorus Elite WiFi 7,nan,,,,,,1,1149,https://czone.my/czone/b850 a elite wf7-1739103152.html,2025-03-19 14:21:21,
GIGABYTE,B850 Aorus Elite WiFi 7 Ice,nan,,,,,,1,1199,https://czone.my/czone/b850 a elite wifi7 ice-1739103152.html,2025-03-19 14:21:21,
GIGABYTE,B850 Eagle Wifi 6E,nan,,,,,,1,929,https://czone.my/czone/b850 eagle wifi6e-1739103152.html,2025-03-19 14:21:21,
MSI,B850 Gaming Plus WiFi,nan,,DDR5,,,,1,1049,https://czone.my/czone/b850 gaming plus wifi-1739103153.html,2025-03-19 14:21:21,
ASRock,B850 PRO-A WiFi 6E,nan,,,,,,1,899,https://czone.my/czone/b850 pro-a wifi-1739103153.html,2025-03-19 14:21:21,
ASRock,B850I Lightning WiFi 6E,nan,,,,,,1,999,https://czone.my/czone/b850i lightning wifi-1739103153.html,2025-03-19 14:21:21,
GIGABYTE,B850M Aorus Elite WiFi 6E Ice,nan,,,,,,1,1119,https://czone.my/czone/b850m a elt wf6e ice-1739103153.html,2025-03-19 14:21:21,
GIGABYTE,B850M Gaming X WiFi 6E,nan,,,,,,1,1029,https://czone.my/czone/b850m gaming x wf6e-1739103154.html,2025-03-19 14:21:21,
ASRock,B850M PRO-A WiFi 6E,nan,,,,,,1,749,https://czone.my/czone/b850m pro-a wifi-1739103154.html,2025-03-19 14:21:21,
ASRock,B850M-X WiFi 6E,nan,,,,,,1,639,https://czone.my/czone/b850m-x wifi-1739103154.html,2025-03-19 14:21:21,
GIGABYTE,B860 Gaming X Wifi6E,nan,,DDR5,,,,1,1049,https://czone.my/czone/b860 gaming x wifi6e-1739103154.html,2025-03-19 14:21:21,
GIGABYTE,B860M Aorus Elite Wifi6E,nan,,DDR5,,,,1,999,https://czone.my/czone/b860m a elite wifi6e-1740388528.html,2025-03-19 14:21:21,
GIGABYTE,B860M Eagle Wifi6,nan,,DDR5,,,,1,719,https://czone.my/czone/b860m eagle wifi6-1739103155.html,2025-03-19 14:21:21,
Colorful,BATTLE-AX H610M-E WIFI V20,LGA1700,MATX,,,,,1,359,https://brightstarcomp.com/collections/pc-components/products/colorful-battle-ax-h610m-e-wifi-v20-lga1700-micro-atx-motherboard?_pos=82&_fid=5b876dc96&_ss=c,2025-03-18 22:07:30,
Colorful,COLORFIRE B760M-MEOW WIFI D5 Orange,LGA1700,MATX,,,,,1,849,https://brightstarcomp.com/collections/pc-components/products/colorful-colorfire-b760m-meow-wifi-d5-orange-lga1700-micro-atx-motherboard?_pos=83&_fid=5b876dc96&_ss=c,2025-03-18 22:07:30,
Colorful,CVN B550M Gaming Frozen V15,AM4,MATX,,,,,,459,https://brightstarcomp.com/collections/pc-components/products/colorful-cvn-b550m-gaming-frozen-v15-am4-micro-atx-motherboard?_pos=84&_fid=5b876dc96&_ss=c,2025-03-18 22:07:30,
Colorful,CVN B760I FROZEN WIFI D5 V20,nan,,DDR5,,,,1,679,https://czone.my/czone/cvn b760i frozen wifi d5 v20-1740037508.html,2025-03-19 14:21:21,
Colorful,CVN B760M Gaming Frozen WIFI V20,LGA1700,MATX,,,,,1,719,https://brightstarcomp.com/collections/pc-components/products/colorful-cvn-b760m-gaming-frozen-wifi-v20-lga1700-micro-atx-motherboard?_pos=85&_fid=5b876dc96&_ss=c,2025-03-18 22:07:30,
MSI,H510M-B,nan,,,,,,,349,https://czone.my/czone/pro h510m-b-1739103829.html,2025-03-19 14:21:21,
Colorful,H610I SMART WIFI V20,LGA1700,ITX,,,,,1,459,https://brightstarcomp.com/collections/pc-components/products/colorful-h610i-smart-wifi-v20-lga1700-mini-itx-motherboard?_pos=86&_fid=5b876dc96&_ss=c,2025-03-18 22:07:30,
GIGABYTE,H610M Gaming WiFi,nan,,DDR4,,,,1,469,https://czone.my/czone/h610m gaming wf ddr4-1739103425.html,2025-03-19 14:21:24,
GIGABYTE,H610M H,nan,,DDR5,,,,,329,https://czone.my/czone/h610m h v2-1741767314.html,2025-03-19 14:21:21,
GIGABYTE,H610M H,LGA1700,MATX,,,,,,339,https://brightstarcomp.com/collections/pc-components/products/gigabyte-h610m-h-lga1700-micro-atx-motherboard?_pos=111&_fid=5b876dc96&_ss=c,2025-03-18 22:07:31,
GIGABYTE,H610M H V2,LGA1700,MATX,,,,,,419,https://brightstarcomp.com/collections/pc-components/products/gigabyte-h610m-h-v2-lga1700-micro-atx-motherboard?_pos=112&_fid=5b876dc96&_ss=c,2025-03-18 22:07:31,
GIGABYTE,H610M H V3,LGA1700,MATX,DDR4,,,,,329,https://brightstarcomp.com/collections/pc-components/products/gigabyte-h610m-h-v3-ddr4-lga1700-micro-atx-motherboard?_pos=113&_fid=5b876dc96&_ss=c,2025-03-18 22:07:31,
GIGABYTE,H610M K,LGA1700,MATX,DDR4,2,1,,0,399,https://brightstarcomp.com/collections/pc-components/products/gigabyte-h610m-k-ddr4-lga1700-micro-atx-motherboard?_pos=114&_fid=5b876dc96&_ss=c,2025-03-18 22:07:31,
MSI,H610M-E,nan,,DDR4,,,,,329,https://czone.my/czone/pro h610m-e ddr4-6457.html,2025-03-19 14:21:27,
ASRock,H610M-HDV/M.2 R2.0,LGA1700,MATX,,,,,,329,https://brightstarcomp.com/collections/pc-components/products/asrock-h610m-hdv-m-2-r2-0-lga1700-micro-atx-motherboard?_pos=25&_fid=5b876dc96&_ss=c,2025-03-18 22:07:27,
ASRock,H610M-HDV/M.2+ D5,LGA1700,MATX,,,,,,369,https://brightstarcomp.com/collections/pc-components/products/asrock-h610m-hdv-m-2-d5-lga1700-micro-atx-motherboard?_pos=26&_fid=5b876dc96&_ss=c,2025-03-18 22:07:27,
ASRock,H610M-HVS/M.2 R2.0,LGA1700,MATX,,,,,,329,https://brightstarcomp.com/collections/pc-components/products/asrock-h610m-hvs-m-2-r2-0-lga1700-micro-atx-motherboard?_pos=27&_fid=5b876dc96&_ss=c,2025-03-18 22:07:27,
Colorful,H610MI Smart WiFi V20,nan,,DDR4,,,,1,459,https://czone.my/czone/colorful h610i smart wifi v20-1740037507.html,2025-03-19 14:21:21,
MSI,MAG B550 Tomahawk Max WIFI,AM4,ATX,,,,,1,899,https://brightstarcomp.com/collections/pc-components/products/msi-mag-b550-tomahawk-max-wifi-am4-atx-motherboard?_pos=134&_fid=5b876dc96&_ss=c,2025-03-18 22:07:32,
MSI,MAG B550M Mortar Max WIFI,AM4,MATX,,,,,1,639,https://brightstarcomp.com/collections/pc-components/products/msi-mag-b550m-mortar-max-wifi-am4-micro-atx-motherboard?_pos=135&_fid=5b876dc96&_ss=c,2025-03-18 22:07:32,
MSI,MAG B650 Tomahawk WIFI,AM5,ATX,,,,,1,1289,https://brightstarcomp.com/collections/pc-components/products/msi-mag-b650-tomahawk-wifi-am5-atx-motherboard?_pos=136&_fid=5b876dc96&_ss=c,2025-03-18 22:07:32,
MSI,MAG B760 Tomahawk WIFI,LGA1700,ATX,,,,,1,999,https://brightstarcomp.com/collections/pc-components/products/msi-mag-b760-tomahawk-wifi-lga1700-atx-motherboard?_pos=137&_fid=5b876dc96&_ss=c,2025-03-18 22:07:32,
MSI,MAG B760M Mortar WIFI II,LGA1700,MATX,,,,,1,899,https://brightstarcomp.com/collections/pc-components/products/msi-mag-b760m-mortar-wifi-ii-lga1700-micro-atx-motherboard?_pos=138&_fid=5b876dc96&_ss=c,2025-03-18 22:07:32,
MSI,MAG X870 Tomahawk WiFi,AM5,ATX,,,,,1,1649,https://brightstarcomp.com/collections/pc-components/products/msi-mag-x870-tomahawk-wifi-am5-atx-motherboard?_pos=139&_fid=5b876dc96&_ss=c,2025-03-18 22:07:32,
MSI,MAG Z790 Tomahawk Max WIFI,LGA1700,ATX,,,,,1,1399,https://brightstarcomp.com/collections/pc-components/products/msi-mag-z790-tomahawk-max-wifi-lga1700-atx-motherboard?_pos=140&_fid=5b876dc96&_ss=c,2025-03-18 22:07:32,
MSI,MAG Z890 Tomahawk WiFi,LGA1851,ATX,,,,,1,1909,https://brightstarcomp.com/collections/pc-components/products/msi-mag-z890-tomahawk-wifi-lga1851-atx-motherboard?_pos=141&_fid=5b876dc96&_ss=c,2025-03-18 22:07:32,
MSI,MEG Z890 Ace,LGA1851,ATX,,,,,,3319,https://brightstarcomp.com/collections/pc-components/products/msi-meg-z890-ace-lga1851-atx-motherboard?_pos=143&_fid=5b876dc96&_ss=c,2025-03-18 22:07:32,
MSI,MPG B550 Gaming Plus,AM4,ATX,,,,,,559,https://brightstarcomp.com/collections/pc-components/products/msi-mpg-b550-gaming-plus-am4-atx-motherboard?_pos=144&_fid=5b876dc96&_ss=c,2025-03-18 22:07:32,
MSI,MPG B650I Edge WIFI,AM5,ITX,,,,,1,1149,https://brightstarcomp.com/collections/pc-components/products/msi-mpg-b650i-edge-wifi-am5-mini-itx-motherboard?_pos=145&_fid=457de5fe2&_ss=c,2025-03-18 22:07:34,
MSI,MPG B760I Edge WIFI,LGA1700,ITX,,,,,1,1049,https://brightstarcomp.com/collections/pc-components/products/msi-mpg-b760i-edge-wifi-lga1700-mini-itx-motherboard?_pos=146&_fid=457de5fe2&_ss=c,2025-03-18 22:07:34,
MSI,MPG B760M EDGE TI WIFI  Micro,LGA1700,ATX,,,,,1,1049,https://brightstarcomp.com/collections/pc-components/products/msi-mpg-b760m-edge-ti-wifi-lga1700-micro-atx-motherboard?_pos=147&_fid=457de5fe2&_ss=c,2025-03-18 22:07:34,
MSI,MPG X870E Carbon WiFi,AM5,ATX,,,,,1,2449,https://brightstarcomp.com/collections/pc-components/products/msi-mpg-x870e-carbon-wifi-am5-atx-motherboard?_pos=148&_fid=457de5fe2&_ss=c,2025-03-18 22:07:34,
MSI,MPG Z790 Carbon WIFI,LGA1700,ATX,,,,,1,1599,https://brightstarcomp.com/collections/pc-components/products/msi-mpg-z790-carbon-wifi-lga1700-atx-motherboard?_pos=149&_fid=457de5fe2&_ss=c,2025-03-18 22:07:34,
MSI,MPG Z790 Edge Ti Max WIFI,LGA1700,ATX,,,,,1,1599,https://brightstarcomp.com/collections/pc-components/products/msi-mpg-z790-edge-ti-max-wifi-lga1700-atx-motherboard?_pos=150&_fid=457de5fe2&_ss=c,2025-03-18 22:07:34,
MSI,MPG Z890 Carbon WiFi,LGA1851,ATX,,,,,1,2599,https://brightstarcomp.com/collections/pc-components/products/msi-mpg-z890-carbon-wifi-lga1851-atx-motherboard?_pos=151&_fid=457de5fe2&_ss=c,2025-03-18 22:07:34,
MSI,MSI B460M PRO-VDH WIFI,LGA1200,MATX,,4,2,,1,459,,,
MSI,MSI B550 Gaming Plus,AM4,ATX,,4,2,,0,580,,,
NZXT,N7 Z790 Intel,LGA1700,ATX,,,,,,1459,https://brightstarcomp.com/collections/pc-components/products/nzxt-n7-z790-intel-lga1700-atx-motherboard?_pos=164&_fid=457de5fe2&_ss=c,2025-04-11 10:05:00,White
NZXT,N7 Z790 Intel,LGA1700,ATX,,,,,,1539,https://brightstarcomp.com/collections/pc-components/products/nzxt-n7-z790-intel-lga1700-atx-motherboard?_pos=164&_fid=457de5fe2&_ss=c,2025-04-11 10:05:00,Black
ASRock,PG Z790I Lightning WiFi,LGA1700,ITX,,,,,1,1399,https://brightstarcomp.com/collections/pc-components/products/asrock-pg-z790i-lightning-wifi-lga1700-mini-itx-motherboard?_pos=29&_fid=5b876dc96&_ss=c,2025-03-18 22:07:27,
ASRock,Phantom Gaming B760I Lightning WiFi,LGA1700,ITX,,,,,1,1049,https://brightstarcomp.com/collections/pc-components/products/asrock-phantom-gaming-b760i-lightning-wifi-lga1700-mini-itx-motherboard?_pos=30&_fid=5b876dc96&_ss=c,2025-03-18 22:07:27,
ASUS,PRIME B550M-A,AM4,MATX,,,,,,439,https://brightstarcomp.com/collections/pc-components/products/asus-prime-b550m-a-am4-micro-atx-motherboard?_pos=40&_fid=5b876dc96&_ss=c,2025-03-18 22:07:27,
ASUS,PRIME B550M-K,AM4,MATX,,4,2,,0,399,https://brightstarcomp.com/collections/pc-components/products/asus-prime-b550m-k-am4-micro-atx-motherboard?_pos=41&_fid=5b876dc96&_ss=c,2025-03-18 22:07:27,
ASUS,PRIME B650M-A WIFI II,AM5,MATX,DDR5,,,,1,779,https://brightstarcomp.com/collections/pc-components/products/asus-prime-b650m-a-wifi-ii-ddr5-am5-micro-atx-motherboard?_pos=42&_fid=5b876dc96&_ss=c,2025-03-18 22:07:27,
ASUS,PRIME B650M-K,AM5,MATX,,,,,,679,https://brightstarcomp.com/collections/pc-components/products/asus-prime-b650m-k-am5-micro-atx-motherboard?_pos=43&_fid=5b876dc96&_ss=c,2025-03-18 22:07:27,
ASUS,PRIME B660M-A D4,LGA1700,ITX,,2,1,,0,375,,,
ASUS,Prime B660M-K D4,LGA1700,MATX,,,,,,399,https://brightstarcomp.com/collections/pc-components/products/asus-prime-b660m-k-d4-lga1700-micro-atx-motherboard?_pos=44&_fid=5b876dc96&_ss=c,2025-03-18 22:07:27,
ASUS,Prime B760M-A WiFi,nan,,DDR4,,,,1,699,https://czone.my/czone/prime b760m-a wifi d4-6442.html,2025-03-19 14:21:24,
ASUS,Prime B760M-A WIFI,LGA1700,MATX,,,,,1,769,https://brightstarcomp.com/collections/pc-components/products/asus-prime-b760m-a-wifi-lga1700-micro-atx-motherboard?_pos=46&_fid=5b876dc96&_ss=c,2025-03-18 22:07:27,
ASUS,Prime B760M-A WIFI D4,LGA1700,MATX,,,,,1,719,https://brightstarcomp.com/collections/pc-components/products/asus-prime-b760m-a-wifi-d4-lga1700-micro-atx-motherboard?_pos=45&_fid=5b876dc96&_ss=c,2025-03-18 22:07:27,
ASUS,PRIME H610M-K D4-CSM,LGA1700,MATX,,,,,,379,https://brightstarcomp.com/collections/pc-components/products/asus-prime-h610m-k-d4-csm-lga1700-micro-atx-motherboard?_pos=47&_fid=5b876dc96&_ss=c,2025-03-18 22:07:27,
MSI,Pro A620M-E,nan,,,,,,,349,https://czone.my/czone/pro a620m-e-1739103827.html,2025-03-19 14:21:27,
MSI,PRO A620M-E,AM5,MATX,,,,,,399,https://brightstarcomp.com/collections/pc-components/products/msi-pro-a620m-e-am5-micro-atx-motherboard?_pos=152&_fid=457de5fe2&_ss=c,2025-03-18 22:07:34,
MSI,PRO B650M-A WIFI,AM5,MATX,,,,,1,799,https://brightstarcomp.com/collections/pc-components/products/msi-pro-b650m-a-wifi-am5-micro-atx-motherboard?_pos=153&_fid=457de5fe2&_ss=c,2025-03-18 22:07:34,
MSI,PRO B760M-A WIFI,LGA1700,MATX,DDR4,,,,1,649,https://brightstarcomp.com/collections/pc-components/products/msi-pro-b760m-a-wifi-ddr4-lga1700-micro-atx-motherboard?_pos=154&_fid=457de5fe2&_ss=c,2025-03-18 22:07:34,
MSI,PRO B760M-A WIFI,LGA1700,MATX,,,,,1,729,https://brightstarcomp.com/collections/pc-components/products/msi-pro-b760m-a-wifi-lga1700-micro-atx-motherboard?_pos=155&_fid=457de5fe2&_ss=c,2025-03-18 22:07:34,
MSI,PRO B760M-E,LGA1700,MATX,DDR4,,,,,449,https://brightstarcomp.com/collections/pc-components/products/msi-pro-b760m-e-ddr4-lga1700-micro-atx-motherboard?_pos=156&_fid=457de5fe2&_ss=c,2025-03-18 22:07:34,
MSI,PRO B760M-E,LGA1700,MATX,,,,,,469,https://brightstarcomp.com/collections/pc-components/products/msi-pro-b760m-e-lga1700-micro-atx-motherboard?_pos=157&_fid=457de5fe2&_ss=c,2025-03-18 22:07:34,
MSI,PRO B860M-A WiFi,nan,,DDR5,,,,1,929,https://czone.my/czone/pro b860m-a wifi-1739103829.html,2025-03-19 14:21:21,
MSI,PRO H610M-E,LGA1700,MATX,DDR4,2,1,,0,329,https://brightstarcomp.com/collections/pc-components/products/msi-pro-h610m-e-ddr4-lga1700-micro-atx-motherboard?_pos=158&_fid=457de5fe2&_ss=c,2025-03-18 22:07:34,
MSI,PRO X870-P WiFi,AM5,ATX,,,,,1,1549,https://brightstarcomp.com/collections/pc-components/products/msi-pro-x870-p-wifi-am5-atx-motherboard?_pos=159&_fid=457de5fe2&_ss=c,2025-03-18 22:07:34,
MSI,PRO Z690-A DDR4,LGA1700,ATX,,4,2,,1,1300,,,
MSI,PRO Z790-A Max WIFI,LGA1700,ATX,,,,,1,1299,https://brightstarcomp.com/collections/pc-components/products/msi-pro-z790-a-max-wifi-lga1700-atx-motherboard?_pos=160&_fid=457de5fe2&_ss=c,2025-03-18 22:07:34,
MSI,PRO Z890-A WiFi,LGA1851,ATX,,,,,1,1729,https://brightstarcomp.com/collections/pc-components/products/msi-pro-z890-a-wifi-lga1851-atx-motherboard?_pos=161&_fid=457de5fe2&_ss=c,2025-03-18 22:07:34,
MSI,PRO Z890-P WiFi,LGA1851,ATX,,,,,1,1369,https://brightstarcomp.com/collections/pc-components/products/msi-pro-z890-p-wifi-lga1851-atx-motherboard?_pos=162&_fid=457de5fe2&_ss=c,2025-03-18 22:07:34,
ASUS,PROART B760-A CREATOR   - DNR,nan,,DDR5,,,,,1099,https://czone.my/czone/proart b760-creator-1739103830.html,2025-03-19 14:21:24,
ASUS,ROG Strix B650E-I Gaming WIFI,AM5,ITX,,,,,1,1529,https://brightstarcomp.com/collections/pc-components/products/asus-rog-strix-b650e-i-gaming-wifi-am5-mini-itx-motherboard?_pos=59&_fid=5b876dc96&_ss=c,2025-03-18 22:07:28,
ASUS,ROG Strix B660-I Gaming WIFI,LGA1700,ITX,,,,,1,999,https://brightstarcomp.com/collections/pc-components/products/asus-rog-strix-b660-i-gaming-wifi-lga1700-mini-itx-motherboard?_pos=61&_fid=5b876dc96&_ss=c,2025-03-18 22:07:28,
ASUS,ROG Strix X670E-I Gaming WIFI,AM5,ITX,,,,,1,2399,https://brightstarcomp.com/collections/pc-components/products/asus-rog-strix-x670e-i-gaming-wifi-am5-itx-motherboard?_pos=64&_fid=5b876dc96&_ss=c,2025-03-18 22:07:28,
ASUS,ROG Strix Z690-I Gaming WIFI,LGA1700,ITX,,,,,1,949,https://brightstarcomp.com/collections/pc-components/products/asus-rog-strix-z690-i-gaming-wifi-lga1700-mini-itx-motherboard?_pos=68&_fid=5b876dc96&_ss=c,2025-03-18 22:07:28,
ASUS,ROG Strix Z790-I Gaming WIFI,LGA1700,ITX,,,,,1,2499,https://brightstarcomp.com/collections/pc-components/products/asus-rog-strix-z790-i-gaming-wifi-lga1700-mini-itx-motherboard?_pos=71&_fid=5b876dc96&_ss=c,2025-03-18 22:07:28,
ASUS,ROG Strix Z890-I Gaming WiFi,LGA1851,ITX,,,,,1,2400,https://brightstarcomp.com/collections/pc-components/products/asus-rog-strix-z890-i-gaming-wifi-lga1851-itx-motherboard?_pos=75&_fid=5b876dc96&_ss=c,2025-03-18 22:07:30,
ASUS,TUF Gaming B550-Plus,nan,,,,,,,699,https://czone.my/czone/asus-tuf-gaming-b550-plus-motherboard.html,2025-03-19 14:21:27,
ASUS,TUF GAMING B550M-PLUS WIFI II,AM4,MATX,,,,,1,679,https://brightstarcomp.com/collections/pc-components/products/asus-tuf-gaming-b550m-plus-wifi-ii-am4-micro-atx-motherboard?_pos=76&_fid=5b876dc96&_ss=c,2025-03-18 22:07:30,
ASUS,TUF Gaming B650-PLUS WiFi,nan,,DDR5,,,,1,1369,https://czone.my/czone/tuf gaming b650-plus wifi-1739107080.html,2025-03-19 14:21:24,
ASUS,TUF Gaming B650M-PLUS WIFI,AM5,MATX,,,,,1,1299,https://brightstarcomp.com/collections/pc-components/products/asus-tuf-gaming-b650m-plus-wifi-am5-micro-atx-motherboard?_pos=77&_fid=5b876dc96&_ss=c,2025-03-18 22:07:30,
ASUS,TUF Gaming B760M-BTF WIFI,LGA1700,MATX,,,,,1,1099,https://brightstarcomp.com/collections/pc-components/products/asus-tuf-gaming-b760m-btf-wifi-lga1700-micro-atx-motherboard?_pos=78&_fid=5b876dc96&_ss=c,2025-03-18 22:07:30,
ASUS,TUF Gaming B760M-PLUS WiFi D4,LGA1700,MATX,,4,2,,1,600,,,
ASUS,TUF Gaming B760M-PLUS WIFI II,LGA1700,MATX,,,,,1,999,https://brightstarcomp.com/collections/pc-components/products/asus-tuf-gaming-b760m-plus-wifi-ii-lga1700-micro-atx-motherboard?_pos=79&_fid=5b876dc96&_ss=c,2025-03-18 22:07:30,
GIGABYTE,X670 Aorus Elite AX   - DNR,nan,,DDR5,,,,,1299,https://czone.my/czone/x670 aorus elite ax-1739107214.html,2025-03-19 14:21:27,
GIGABYTE,X670E Aorus Master   - DNR,nan,,DDR5,,,,,2199,https://czone.my/czone/x670e aorus master-1739107214.html,2025-03-19 14:21:27,
GIGABYTE,X870 Aorus Elite WiFi 7,nan,,DDR5,,,,1,1499,https://czone.my/czone/x870 a elite wifi7-1739107215.html,2025-03-19 14:21:24,
GIGABYTE,X870 Aorus Elite WiFi 7 Ice,nan,,DDR5,,,,1,1599,https://czone.my/czone/x870 a elite wifi7 ice-1739107215.html,2025-03-19 14:21:24,
MSI,X870 Gaming Plus WiFi,nan,,DDR5,,,,1,1429,https://czone.my/czone/x870 gaming plus wifi-1739107215.html,2025-03-19 14:21:21,
GIGABYTE,X870 Gaming X WiFi 7,nan,,DDR5,,,,1,1249,https://czone.my/czone/x870 gaming x wifi7-1739107215.html,2025-03-19 14:21:24,
ASRock,X870 Pro RS WiFi,nan,,DDR5,,,,1,1259,https://czone.my/czone/x870 pro rs wifi-1739350822.html,2025-03-19 14:21:21,
MSI,X870 Tomahawk WiFi,nan,,DDR5,,,,1,1499,https://czone.my/czone/mag x870 tomahawk wifi-1737960306.html,2025-03-19 14:21:24,
MSI,X870-P WiFi,nan,,DDR5,,,,1,1399,https://czone.my/czone/pro x870-p wifi-1739103829.html,2025-03-19 14:21:24,
GIGABYTE,X870E Aorus Elite WiFi 7,nan,,DDR5,,,,1,1699,https://czone.my/czone/x870e a elite wifi7-1739107216.html,2025-03-19 14:21:24,
GIGABYTE,X870E Aorus Master,nan,,DDR5,,,,,2599,https://czone.my/czone/x870e aorus master-1739107216.html,2025-03-19 14:21:21,
MSI,X870E Carbon WiFi,nan,,DDR5,,,,1,2299,https://czone.my/czone/mpg x870e carbon wifi-1739103704.html,2025-03-19 14:21:24,
MSI,X870E Edge Ti WiFi,nan,,DDR5,,,,1,1899,https://czone.my/czone/mpg x870e edge ti wifi-1741066205.html,2025-03-19 14:21:21,
MSI,X870E Tomahawk WiFi,nan,,DDR5,,,,1,1799,https://czone.my/czone/mag x870e tomahawk wifi-1739523611.html,2025-03-19 14:21:21,
ASRock,Z490M-ITX/ac,LGA1200,ITX,,2,1,,1,530,,,
MSI,Z790 PROJECT ZERO,LGA1700,ATX,,,,,,1399,https://brightstarcomp.com/collections/pc-components/products/msi-z790-project-zero-lga1700-atx-motherboard?_pos=163&_fid=457de5fe2&_ss=c,2025-03-18 22:07:34,
ASRock,Z790 Steel Legend WiFi Intel  D5,LGA1700,,,,,,1,1299,https://brightstarcomp.com/collections/pc-components/products/asrock-z790-steel-legend-wifi-intel-lga1700-d5-motherboard?_pos=35&_fid=5b876dc96&_ss=c,2025-03-18 22:07:27,
GIGABYTE,Z890 Aero G,nan,,DDR5,,,,,1699,https://czone.my/czone/z890 aero g-1739107243.html,2025-03-19 14:21:24,
GIGABYTE,Z890 Aorus Elite WiFi 7,nan,,DDR5,,,,1,1419,https://czone.my/czone/z890 a elite wifi7-1739107243.html,2025-03-19 14:21:21,
GIGABYTE,Z890 Eagle WiFi 7,nan,,DDR5,,,,1,1199,https://czone.my/czone/z890 eagle wifi7-1739107243.html,2025-03-19 14:21:24,
GIGABYTE,Z890 Eagle WiFi7,LGA1851,ATX,,,,,1,1269,https://brightstarcomp.com/collections/pc-components/products/gigabyte-z890-eagle-wifi7-lga1851-atx-motherboard?_pos=125&_fid=5b876dc96&_ss=c,2025-03-18 22:07:32,
GIGABYTE,Z890 Gaming X WiFi 7,nan,,DDR5,,,,1,1299,https://czone.my/czone/z890 gaming x wifi7-1739107244.html,2025-03-19 14:21:24,
GIGABYTE,Z890 Gaming X WiFi 7,LGA1851,ATX,,,,,1,1359,https://brightstarcomp.com/collections/pc-components/products/gigabyte-z890-gaming-x-wifi-7-lga1851-atx-motherboard?_pos=126&_fid=5b876dc96&_ss=c,2025-03-18 22:07:32,
MSI,Z890 Tomahawk WiFi,nan,,DDR5,,,,1,1699,https://czone.my/czone/mag z890 tomahawk wifi-1739103634.html,2025-03-19 14:21:21,